lr-AdamW,step,train_loss_step,epoch,val_loss
0.0005,0,,,
,49,3.4665045738220215,0,
,99,0.7627735137939453,0,
,149,0.3697732090950012,0,
,199,0.03685925900936127,0,
,249,-0.10792336612939835,0,
,269,,0,0.0522199347615242
