lr-AdamW,step,train_loss_step,epoch
0.0005,0,,
,49,4.098807334899902,0
,99,2.5282413959503174,0
,149,1.6126967668533325,0
,199,1.2553329467773438,0
