epoch,lr-AdamW,step,train_loss_epoch,train_loss_step,val_loss
,0.0005,0,,,
0,,49,,3.70127010345459,
0,,99,,1.9589658975601196,
0,,149,,1.3972700834274292,
0,,199,,1.007030725479126,
0,,249,,0.8916119933128357,
0,,299,,0.8650529384613037,
0,,349,,0.8270670175552368,
0,,399,,0.7169303297996521,
0,,449,,0.5783202052116394,
0,,499,,0.5316463708877563,
0,,549,,0.6240895986557007,
0,,586,,,0.6240776777267456
0,,586,1.4281527996063232,,
,0.0005,587,,,
1,,599,,0.5586785674095154,
1,,649,,0.6512712836265564,
1,,699,,0.5050197839736938,
1,,749,,0.5814114809036255,
1,,799,,0.4065712094306946,
1,,849,,0.5100851655006409,
1,,899,,0.3357697129249573,
1,,949,,0.5692976713180542,
1,,999,,0.33927637338638306,
1,,1049,,0.3809130787849426,
1,,1099,,0.34095585346221924,
1,,1149,,0.5235087871551514,
1,,1173,,,0.40355461835861206
1,,1173,0.4273248612880707,,
,0.0005,1174,,,
2,,1199,,0.3259424865245819,
2,,1249,,0.32271087169647217,
2,,1299,,0.19473618268966675,
2,,1349,,0.5113852024078369,
2,,1399,,0.30058810114860535,
2,,1449,,0.20275147259235382,
2,,1499,,0.13851600885391235,
2,,1549,,0.1644574999809265,
2,,1599,,0.1909743845462799,
2,,1649,,0.20533497631549835,
2,,1699,,0.4801914691925049,
2,,1749,,0.21021290123462677,
2,,1760,,,0.43994376063346863
2,,1760,0.2704515755176544,,
,0.0005,1761,,,
3,,1799,,0.25279054045677185,
3,,1849,,0.2978954017162323,
3,,1899,,0.1766163855791092,
3,,1949,,0.29725560545921326,
3,,1999,,0.6396925449371338,
3,,2049,,0.19600647687911987,
3,,2099,,0.10424407571554184,
3,,2149,,-0.0067069996148347855,
3,,2199,,0.19467392563819885,
3,,2249,,0.1742551028728485,
3,,2299,,0.23459307849407196,
3,,2347,,,0.13854071497917175
3,,2347,0.19383640587329865,,
,0.0005,2348,,,
4,,2349,,0.16779112815856934,
4,,2399,,0.2092682421207428,
4,,2449,,0.12574581801891327,
4,,2499,,0.10798827558755875,
4,,2549,,0.2696056067943573,
4,,2599,,0.12279433757066727,
4,,2649,,0.1500474512577057,
4,,2699,,0.08715809136629105,
4,,2749,,0.11129138618707657,
4,,2799,,0.055756110697984695,
4,,2849,,0.032578740268945694,
4,,2899,,0.17513838410377502,
4,,2934,,,0.16427558660507202
4,,2934,0.12551897764205933,,
,0.0005,2935,,,
5,,2949,,-0.0040213740430772305,
5,,2999,,0.04493723437190056,
5,,3049,,0.027125932276248932,
5,,3099,,0.09990759938955307,
5,,3149,,0.0077019366435706615,
5,,3199,,0.1103411391377449,
5,,3249,,0.25327068567276,
5,,3299,,0.052630770951509476,
5,,3349,,-0.02269677259027958,
5,,3399,,0.03540723770856857,
5,,3449,,0.04753677919507027,
5,,3499,,0.01712951250374317,
5,,3521,,,0.041914522647857666
5,,3521,0.09177911281585693,,
,0.0005,3522,,,
6,,3549,,-0.03438369929790497,
6,,3599,,-0.030716251581907272,
6,,3649,,-0.016716929152607918,
6,,3699,,-0.009822899475693703,
6,,3749,,-0.03409991040825844,
6,,3799,,-0.025054173544049263,
6,,3849,,0.09451949596405029,
6,,3899,,-0.03723928704857826,
6,,3949,,0.053276266902685165,
6,,3999,,-0.027205483987927437,
6,,4049,,-0.09190142899751663,
6,,4099,,0.027880379930138588,
6,,4108,,,0.054395511746406555
6,,4108,0.04210289567708969,,
,0.0005,4109,,,
7,,4149,,-0.09094572067260742,
7,,4199,,0.01767711527645588,
7,,4249,,-0.07856820523738861,
7,,4299,,0.08024818450212479,
7,,4349,,0.006552941165864468,
7,,4399,,0.12631215155124664,
7,,4449,,-0.024703720584511757,
7,,4499,,0.037748415023088455,
7,,4549,,0.0012818275718018413,
7,,4599,,-0.04657777398824692,
7,,4649,,0.005190889351069927,
7,,4695,,,0.09359627217054367
7,,4695,0.014299443922936916,,
,0.0005,4696,,,
8,,4699,,0.010921641252934933,
8,,4749,,0.037423644214868546,
8,,4799,,-0.061152100563049316,
8,,4849,,0.048748958855867386,
8,,4899,,0.19708262383937836,
8,,4949,,0.019234484061598778,
8,,4999,,-0.016972960904240608,
8,,5049,,-0.029381796717643738,
8,,5099,,-0.028760895133018494,
8,,5149,,0.07645566761493683,
8,,5199,,-0.08063386380672455,
8,,5249,,-0.06035108119249344,
8,,5282,,,-0.035126157104969025
8,,5282,-0.004939114674925804,,
,0.0005,5283,,,
9,,5299,,-0.10481247305870056,
9,,5349,,0.04704824462532997,
9,,5399,,0.010151974856853485,
9,,5449,,0.06328660994768143,
9,,5499,,0.027268746867775917,
9,,5549,,0.03740270808339119,
9,,5599,,0.012334128841757774,
9,,5649,,-0.1495424509048462,
9,,5699,,-0.013577183708548546,
9,,5749,,0.15912212431430817,
9,,5799,,-0.10164152085781097,
9,,5849,,-0.08722356706857681,
9,,5869,,,-0.03898588567972183
9,,5869,-0.029139041900634766,,
,0.0005,5870,,,
10,,5899,,0.08401934057474136,
10,,5949,,-0.013614443130791187,
10,,5999,,-0.17761510610580444,
10,,6049,,0.018726706504821777,
10,,6099,,-0.09373580664396286,
10,,6149,,-0.005002977792173624,
10,,6199,,-0.08502526581287384,
10,,6249,,-0.057799793779850006,
10,,6299,,0.037009961903095245,
10,,6349,,-0.0910152792930603,
10,,6399,,-0.07305367290973663,
10,,6449,,0.18404623866081238,
10,,6456,,,-0.08115170150995255
10,,6456,-0.045683663338422775,,
,0.0005,6457,,,
11,,6499,,-0.04727907478809357,
11,,6549,,-0.06687162816524506,
11,,6599,,-0.1249489113688469,
11,,6649,,-0.009791986085474491,
11,,6699,,-0.07210486382246017,
11,,6749,,-0.03068649023771286,
11,,6799,,-0.08377013355493546,
11,,6849,,0.024853873997926712,
11,,6899,,-0.10749582201242447,
11,,6949,,-0.046370115131139755,
11,,6999,,-0.15068668127059937,
11,,7043,,,-0.03005979023873806
11,,7043,-0.06547973304986954,,
,0.0005,7044,,,
12,,7049,,-0.15928864479064941,
12,,7099,,-0.14879053831100464,
12,,7149,,0.028984390199184418,
12,,7199,,-0.15394671261310577,
12,,7249,,0.07100700587034225,
12,,7299,,-0.14296986162662506,
12,,7349,,-0.08551263064146042,
12,,7399,,-0.11637601256370544,
12,,7449,,-0.15300004184246063,
12,,7499,,-0.17398816347122192,
12,,7549,,-0.041702646762132645,
12,,7599,,-0.00031482454505749047,
12,,7630,,,-0.10860812664031982
12,,7630,-0.07928571850061417,,
,0.0005,7631,,,
13,,7649,,-0.0946086198091507,
13,,7699,,-0.16989707946777344,
13,,7749,,-0.015126189216971397,
13,,7799,,-0.08950120955705643,
13,,7849,,0.02552671730518341,
13,,7899,,-0.02066430263221264,
13,,7949,,-0.08171965181827545,
13,,7999,,-0.15060845017433167,
13,,8049,,-0.0931444764137268,
13,,8099,,-0.08465366810560226,
13,,8149,,-0.137619286775589,
13,,8199,,-0.13084957003593445,
13,,8217,,,-0.07736098021268845
13,,8217,-0.08862417191267014,,
,0.0005,8218,,,
14,,8249,,-0.0790654867887497,
14,,8299,,-0.02213355153799057,
14,,8349,,-0.1754385530948639,
14,,8399,,0.024078337475657463,
14,,8449,,-0.14452213048934937,
14,,8499,,-0.21131454408168793,
14,,8549,,-0.10536248981952667,
14,,8599,,-0.12102794647216797,
14,,8649,,-0.00260350969620049,
14,,8699,,-0.1143590584397316,
14,,8749,,-0.16585198044776917,
14,,8799,,-0.11395064741373062,
14,,8804,,,-0.12252262979745865
14,,8804,-0.10491453111171722,,
,0.0005,8805,,,
15,,8849,,-0.18994154036045074,
15,,8899,,-0.13929608464241028,
15,,8949,,-0.08101252466440201,
15,,8999,,-0.07632908970117569,
15,,9049,,-0.13115662336349487,
15,,9099,,-0.15622778236865997,
15,,9149,,-0.14574183523654938,
15,,9199,,-0.0905003473162651,
15,,9249,,-0.1664305329322815,
15,,9299,,-0.07144524157047272,
15,,9349,,-0.1466623991727829,
15,,9391,,,-0.08390380442142487
15,,9391,-0.11899806559085846,,
,0.0005,9392,,,
16,,9399,,-0.1607394963502884,
16,,9449,,-0.13003358244895935,
16,,9499,,-0.11541062593460083,
16,,9549,,-0.05294039845466614,
16,,9599,,-0.2130710780620575,
16,,9649,,-0.16399800777435303,
16,,9699,,0.01680106855928898,
16,,9749,,-0.16437053680419922,
16,,9799,,-0.10624730587005615,
16,,9849,,-0.16161252558231354,
16,,9899,,-0.23355300724506378,
16,,9949,,-0.21388068795204163,
16,,9978,,,-0.0013345670886337757
16,,9978,-0.12103145569562912,,
,0.0005,9979,,,
17,,9999,,-0.22064697742462158,
17,,10049,,-0.14277967810630798,
17,,10099,,-0.08646566420793533,
17,,10149,,0.010874520987272263,
17,,10199,,-0.13360241055488586,
17,,10249,,-0.1887158751487732,
17,,10299,,-0.10761931538581848,
17,,10349,,-0.168704554438591,
17,,10399,,-0.18874308466911316,
17,,10449,,-0.14354826509952545,
17,,10499,,-0.14299780130386353,
17,,10549,,-0.2645196318626404,
17,,10565,,,-0.10938948392868042
17,,10565,-0.13573333621025085,,
,0.0005,10566,,,
18,,10599,,-0.2956496775150299,
18,,10649,,-0.06645534187555313,
18,,10699,,-0.3128278851509094,
18,,10749,,-0.15791554749011993,
18,,10799,,-0.1623268574476242,
18,,10849,,-0.04544622078537941,
18,,10899,,-0.11177292466163635,
18,,10949,,-0.1804996132850647,
18,,10999,,-0.0631418377161026,
18,,11049,,-0.19947949051856995,
18,,11099,,-0.12108392268419266,
18,,11149,,-0.13960547745227814,
18,,11152,,,-0.14637494087219238
18,,11152,-0.14688384532928467,,
,0.0005,11153,,,
19,,11199,,-0.22593267261981964,
19,,11249,,-0.1687871515750885,
19,,11299,,-0.11592907458543777,
19,,11349,,-0.09255249798297882,
19,,11399,,-0.15164394676685333,
19,,11449,,-0.16490837931632996,
19,,11499,,-0.10081297904253006,
19,,11549,,-0.17283010482788086,
19,,11599,,-0.20072871446609497,
19,,11649,,-0.1391790360212326,
19,,11699,,-0.23896129429340363,
19,,11739,,,-0.12390042096376419
19,,11739,-0.15321195125579834,,
,0.0005,11740,,,
20,,11749,,-0.10120300203561783,
20,,11799,,-0.18785360455513,
20,,11849,,-0.2477838099002838,
20,,11899,,-0.11297640204429626,
20,,11949,,-0.14455674588680267,
20,,11999,,-0.05685350298881531,
20,,12049,,-0.2690035402774811,
20,,12099,,-0.14017508924007416,
20,,12149,,-0.21165069937705994,
20,,12199,,-0.20644430816173553,
20,,12249,,-0.14415529370307922,
20,,12299,,-0.15552741289138794,
20,,12326,,,-0.15869855880737305
20,,12326,-0.15999116003513336,,
,0.0005,12327,,,
21,,12349,,-0.051185060292482376,
21,,12399,,-0.16675636172294617,
21,,12449,,-0.1631380021572113,
21,,12499,,-0.2284601926803589,
21,,12549,,-0.12754708528518677,
21,,12599,,-0.1401957869529724,
21,,12649,,-0.23070140182971954,
21,,12699,,-0.24238023161888123,
21,,12749,,-0.23980802297592163,
21,,12799,,-0.23372617363929749,
21,,12849,,-0.1688186228275299,
21,,12899,,-0.21484790742397308,
21,,12913,,,-0.17193643748760223
21,,12913,-0.16938385367393494,,
,0.0005,12914,,,
22,,12949,,-0.20634406805038452,
22,,12999,,-0.2097673863172531,
22,,13049,,-0.1943613588809967,
22,,13099,,-0.11967490613460541,
22,,13149,,-0.09168979525566101,
22,,13199,,-0.1997944563627243,
22,,13249,,-0.12457889318466187,
22,,13299,,-0.284268319606781,
22,,13349,,-0.30998048186302185,
22,,13399,,-0.1683746874332428,
22,,13449,,-0.23350711166858673,
22,,13499,,-0.228373184800148,
22,,13500,,,-0.16727206110954285
22,,13500,-0.1786009669303894,,
,0.0005,13501,,,
23,,13549,,-0.1944425106048584,
23,,13599,,-0.0928616002202034,
23,,13649,,-0.03143968805670738,
23,,13699,,-0.30234667658805847,
23,,13749,,-0.254934161901474,
23,,13799,,-0.06375698000192642,
23,,13849,,-0.2305634468793869,
23,,13899,,-0.20551349222660065,
23,,13949,,-0.29710203409194946,
23,,13999,,-0.2461707592010498,
23,,14049,,-0.1736406534910202,
23,,14087,,,-0.1252034306526184
23,,14087,-0.18218038976192474,,
,0.0005,14088,,,
24,,14099,,-0.32205262780189514,
24,,14149,,-0.1742907166481018,
24,,14199,,-0.27358612418174744,
24,,14249,,-0.10254331678152084,
24,,14299,,-0.23799081146717072,
24,,14349,,-0.23742839694023132,
24,,14399,,-0.19756251573562622,
24,,14449,,-0.12202409654855728,
24,,14499,,-0.23852983117103577,
24,,14549,,-0.1514212042093277,
24,,14599,,-0.23481249809265137,
24,,14649,,-0.2732536792755127,
24,,14674,,,-0.1558261513710022
24,,14674,-0.19273675978183746,,
,0.0005,14675,,,
25,,14699,,-0.31718337535858154,
25,,14749,,-0.27434954047203064,
25,,14799,,-0.1693253219127655,
25,,14849,,-0.20205345749855042,
25,,14899,,-0.2692844867706299,
25,,14949,,-0.2774750888347626,
25,,14999,,-0.29195550084114075,
25,,15049,,-0.1767721176147461,
25,,15099,,-0.015559077262878418,
25,,15149,,-0.2588655650615692,
25,,15199,,-0.3199869692325592,
25,,15249,,-0.08463197201490402,
25,,15261,,,-0.1733563244342804
25,,15261,-0.19719773530960083,,
,0.0005,15262,,,
26,,15299,,-0.19640344381332397,
26,,15349,,-0.18050312995910645,
26,,15399,,-0.14809924364089966,
26,,15449,,-0.21587976813316345,
26,,15499,,-0.24784646928310394,
26,,15549,,-0.2193557173013687,
26,,15599,,-0.19130085408687592,
26,,15649,,-0.19949442148208618,
26,,15699,,-0.15647448599338531,
26,,15749,,-0.11478710919618607,
26,,15799,,-0.1310417652130127,
26,,15848,,,-0.1552792489528656
26,,15848,-0.20216716825962067,,
,0.0005,15849,,,
27,,15849,,-0.07196830958127975,
27,,15899,,-0.26884904503822327,
27,,15949,,-0.16857561469078064,
27,,15999,,-0.25206366181373596,
27,,16049,,-0.23148483037948608,
27,,16099,,-0.3758728504180908,
27,,16149,,-0.2667142152786255,
27,,16199,,-0.30442720651626587,
27,,16249,,-0.3004153370857239,
27,,16299,,-0.23020921647548676,
27,,16349,,-0.28156134486198425,
27,,16399,,-0.25447967648506165,
27,,16435,,,-0.17926017940044403
27,,16435,-0.20532898604869843,,
,0.0005,16436,,,
28,,16449,,-0.23789691925048828,
28,,16499,,-0.21491722762584686,
28,,16549,,-0.16789047420024872,
28,,16599,,-0.21587367355823517,
28,,16649,,-0.30547142028808594,
28,,16699,,-0.19695252180099487,
28,,16749,,-0.23071420192718506,
28,,16799,,-0.10302412509918213,
28,,16849,,-0.326088011264801,
28,,16899,,-0.1592881977558136,
28,,16949,,-0.17366451025009155,
28,,16999,,-0.26438599824905396,
28,,17022,,,-0.20804433524608612
28,,17022,-0.21064820885658264,,
,0.0005,17023,,,
29,,17049,,-0.16011741757392883,
29,,17099,,-0.24306315183639526,
29,,17149,,-0.25414374470710754,
29,,17199,,-0.22905176877975464,
29,,17249,,-0.2809247672557831,
29,,17299,,-0.20865370333194733,
29,,17349,,-0.21377363801002502,
29,,17399,,-0.3007872402667999,
29,,17449,,-0.14438332617282867,
29,,17499,,-0.24301497638225555,
29,,17549,,-0.20396284759044647,
29,,17599,,-0.2858191728591919,
29,,17609,,,-0.17648981511592865
29,,17609,-0.22121374309062958,,
,0.0005,17610,,,
30,,17649,,-0.24592041969299316,
30,,17699,,-0.3345370888710022,
30,,17749,,-0.0867455005645752,
30,,17799,,-0.23311847448349,
30,,17849,,-0.22975078225135803,
30,,17899,,-0.25432953238487244,
30,,17949,,-0.24277950823307037,
30,,17999,,-0.2046237587928772,
30,,18049,,-0.27412018179893494,
30,,18099,,-0.31078386306762695,
30,,18149,,-0.23485693335533142,
30,,18196,,,-0.18085335195064545
30,,18196,-0.2151867300271988,,
,0.0005,18197,,,
31,,18199,,-0.2172314077615738,
31,,18249,,-0.1376889944076538,
31,,18299,,-0.12700915336608887,
31,,18349,,-0.11889273673295975,
31,,18399,,-0.1715034693479538,
31,,18449,,-0.25593116879463196,
31,,18499,,-0.15539930760860443,
31,,18549,,-0.3134322166442871,
31,,18599,,-0.25299251079559326,
31,,18649,,-0.2357928603887558,
31,,18699,,-0.31617867946624756,
31,,18749,,-0.3584091067314148,
31,,18783,,,-0.23254169523715973
31,,18783,-0.2219148427248001,,
,0.0005,18784,,,
32,,18799,,-0.24825429916381836,
32,,18849,,-0.29711616039276123,
32,,18899,,-0.188736230134964,
32,,18949,,-0.3164962828159332,
32,,18999,,-0.021469322964549065,
32,,19049,,-0.22144578397274017,
32,,19099,,-0.1946669965982437,
32,,19149,,-0.27799299359321594,
32,,19199,,-0.18855734169483185,
32,,19249,,-0.21237608790397644,
32,,19299,,-0.1367911994457245,
32,,19349,,-0.13518650829792023,
32,,19370,,,-0.18577542901039124
32,,19370,-0.22458747029304504,,
,0.0005,19371,,,
33,,19399,,-0.29344892501831055,
33,,19449,,-0.20900756120681763,
33,,19499,,-0.3010297119617462,
33,,19549,,-0.29188063740730286,
33,,19599,,-0.3190886080265045,
33,,19649,,-0.2582395374774933,
33,,19699,,-0.2357209175825119,
33,,19749,,-0.16385774314403534,
33,,19799,,-0.15880458056926727,
33,,19849,,-0.12458613514900208,
33,,19899,,-0.29586899280548096,
33,,19949,,-0.22856129705905914,
33,,19957,,,-0.24545550346374512
33,,19957,-0.23232679069042206,,
,0.0005,19958,,,
34,,19999,,-0.2814517915248871,
34,,20049,,-0.3218243718147278,
34,,20099,,-0.33001914620399475,
34,,20149,,-0.26882675290107727,
34,,20199,,-0.2814769148826599,
34,,20249,,-0.27401530742645264,
34,,20299,,-0.22483472526073456,
34,,20349,,-0.21279503405094147,
34,,20399,,-0.3449348509311676,
34,,20449,,-0.15440867841243744,
34,,20499,,-0.21729648113250732,
34,,20544,,,-0.2624366581439972
34,,20544,-0.23732687532901764,,
,0.0005,20545,,,
35,,20549,,-0.23896045982837677,
35,,20599,,-0.21130496263504028,
35,,20649,,-0.17447537183761597,
35,,20699,,-0.18039414286613464,
35,,20749,,-0.1606447547674179,
35,,20799,,-0.24891822040081024,
35,,20849,,-0.27100539207458496,
35,,20899,,-0.2874494194984436,
35,,20949,,-0.24771392345428467,
35,,20999,,-0.2833003103733063,
35,,21049,,-0.2792755961418152,
35,,21099,,-0.316110759973526,
35,,21131,,,-0.13537085056304932
35,,21131,-0.24145962297916412,,
,0.0005,21132,,,
36,,21149,,-0.26667842268943787,
36,,21199,,-0.40425950288772583,
36,,21249,,-0.30708569288253784,
36,,21299,,-0.3624497950077057,
36,,21349,,-0.18152643740177155,
36,,21399,,-0.2005370855331421,
36,,21449,,-0.3253200352191925,
36,,21499,,-0.2937857508659363,
36,,21549,,-0.3373223841190338,
36,,21599,,-0.3422011435031891,
36,,21649,,-0.22998672723770142,
36,,21699,,-0.1045399159193039,
36,,21718,,,0.08307789266109467
36,,21718,-0.2473311573266983,,
,0.0005,21719,,,
37,,21749,,-0.14760863780975342,
37,,21799,,-0.2827509939670563,
37,,21849,,-0.1971641182899475,
37,,21899,,-0.2584407329559326,
37,,21949,,-0.23268641531467438,
37,,21999,,-0.015317147597670555,
37,,22049,,-0.24344992637634277,
37,,22099,,-0.20808769762516022,
37,,22149,,-0.16846638917922974,
37,,22199,,-0.2932259738445282,
37,,22249,,-0.2683396637439728,
37,,22299,,-0.2799600660800934,
37,,22305,,,-0.23481662571430206
37,,22305,-0.23652666807174683,,
,0.0005,22306,,,
38,,22349,,-0.19935090839862823,
38,,22399,,-0.28203651309013367,
38,,22449,,-0.2526412606239319,
38,,22499,,-0.25465893745422363,
38,,22549,,-0.3517957329750061,
38,,22599,,-0.3517526090145111,
38,,22649,,-0.2487185150384903,
38,,22699,,-0.20426514744758606,
38,,22749,,-0.2607420086860657,
38,,22799,,-0.19888372719287872,
38,,22849,,-0.31289196014404297,
38,,22892,,,-0.24739611148834229
38,,22892,-0.24870647490024567,,
,0.0005,22893,,,
39,,22899,,-0.18877729773521423,
39,,22949,,-0.2720268964767456,
39,,22999,,-0.23633258044719696,
39,,23049,,-0.40548333525657654,
39,,23099,,-0.331274151802063,
39,,23149,,-0.18648096919059753,
39,,23199,,-0.228553906083107,
39,,23249,,-0.22497908771038055,
39,,23299,,-0.23570656776428223,
39,,23349,,-0.23665441572666168,
39,,23399,,-0.24946169555187225,
39,,23449,,-0.2624458074569702,
39,,23479,,,-0.19651560485363007
39,,23479,-0.25207412242889404,,
,0.0005,23480,,,
40,,23499,,-0.2531440556049347,
40,,23549,,-0.38249504566192627,
40,,23599,,-0.15310326218605042,
40,,23649,,-0.19349871575832367,
40,,23699,,-0.24448493123054504,
40,,23749,,-0.319772869348526,
40,,23799,,-0.18229039013385773,
40,,23849,,-0.3619663119316101,
40,,23899,,-0.3274218738079071,
40,,23949,,-0.33909872174263,
40,,23999,,-0.23579324781894684,
40,,24049,,-0.2125069946050644,
40,,24066,,,-0.22055158019065857
40,,24066,-0.2524692714214325,,
,0.0005,24067,,,
41,,24099,,-0.19712717831134796,
41,,24149,,-0.3207660913467407,
41,,24199,,-0.2729273736476898,
41,,24249,,-0.16838552057743073,
41,,24299,,-0.3220522999763489,
41,,24349,,-0.28028246760368347,
41,,24399,,-0.15389086306095123,
41,,24449,,-0.2758779525756836,
41,,24499,,-0.2617820203304291,
41,,24549,,-0.20456679165363312,
41,,24599,,-0.24433882534503937,
41,,24649,,-0.21484467387199402,
41,,24653,,,-0.23102572560310364
41,,24653,-0.2659130394458771,,
,0.0005,24654,,,
42,,24699,,-0.29507771134376526,
42,,24749,,-0.23531731963157654,
42,,24799,,-0.19242627918720245,
42,,24849,,-0.284532368183136,
42,,24899,,-0.22189567983150482,
42,,24949,,-0.30375567078590393,
42,,24999,,-0.29035571217536926,
42,,25049,,-0.23244988918304443,
42,,25099,,-0.3106442987918854,
42,,25149,,-0.3573071360588074,
42,,25199,,-0.25672128796577454,
42,,25240,,,-0.1835111379623413
42,,25240,-0.26225024461746216,,
,0.0005,25241,,,
43,,25249,,-0.20270013809204102,
43,,25299,,-0.3688523769378662,
43,,25349,,-0.23901136219501495,
43,,25399,,-0.3699119985103607,
43,,25449,,-0.15346570312976837,
43,,25499,,-0.3968349099159241,
43,,25549,,-0.23577435314655304,
43,,25599,,-0.3824980556964874,
43,,25649,,-0.16911259293556213,
43,,25699,,-0.27840811014175415,
43,,25749,,-0.1985037922859192,
43,,25799,,-0.32222995162010193,
43,,25827,,,-0.19445428252220154
43,,25827,-0.2655112147331238,,
,0.0005,25828,,,
44,,25849,,-0.19932976365089417,
44,,25899,,-0.36190056800842285,
44,,25949,,-0.3093896806240082,
44,,25999,,-0.3451027572154999,
44,,26049,,-0.18527455627918243,
44,,26099,,-0.2570728659629822,
44,,26149,,-0.2792823016643524,
44,,26199,,-0.26612359285354614,
44,,26249,,-0.29573431611061096,
44,,26299,,-0.2199244350194931,
44,,26349,,-0.3252819776535034,
44,,26399,,-0.13997891545295715,
44,,26414,,,-0.2236528843641281
44,,26414,-0.27070653438568115,,
,0.0005,26415,,,
45,,26449,,-0.2781735360622406,
45,,26499,,-0.23606695234775543,
45,,26549,,-0.19086331129074097,
45,,26599,,-0.227322056889534,
45,,26649,,-0.32396820187568665,
45,,26699,,-0.27891650795936584,
45,,26749,,-0.23185572028160095,
45,,26799,,-0.3565788269042969,
45,,26849,,-0.25652503967285156,
45,,26899,,-0.2737046182155609,
45,,26949,,-0.24326850473880768,
45,,26999,,-0.26895490288734436,
45,,27001,,,-0.2529536783695221
45,,27001,-0.2636023461818695,,
,0.0005,27002,,,
46,,27049,,-0.22739960253238678,
46,,27099,,-0.32250165939331055,
46,,27149,,-0.3068675696849823,
46,,27199,,-0.24101416766643524,
46,,27249,,-0.2670968174934387,
46,,27299,,-0.27424246072769165,
46,,27349,,-0.1841697096824646,
46,,27399,,-0.06597408652305603,
46,,27449,,-0.23294638097286224,
46,,27499,,-0.3040618598461151,
46,,27549,,-0.33527958393096924,
46,,27588,,,-0.23129473626613617
46,,27588,-0.26340362429618835,,
,0.0005,27589,,,
47,,27599,,-0.1527220606803894,
47,,27649,,-0.3564210534095764,
47,,27699,,-0.2993486523628235,
47,,27749,,-0.28644856810569763,
47,,27799,,-0.3330674469470978,
47,,27849,,-0.4085404574871063,
47,,27899,,-0.31742778420448303,
47,,27949,,-0.2701881527900696,
47,,27999,,-0.3156758248806,
47,,28049,,-0.3260400891304016,
47,,28099,,-0.2733514904975891,
47,,28149,,-0.28518056869506836,
47,,28175,,,-0.22577999532222748
47,,28175,-0.27901706099510193,,
,0.0005,28176,,,
48,,28199,,-0.30465129017829895,
48,,28249,,-0.20023950934410095,
48,,28299,,-0.36974653601646423,
48,,28349,,-0.4260278642177582,
48,,28399,,-0.16952313482761383,
48,,28449,,-0.3325502574443817,
48,,28499,,-0.24152615666389465,
48,,28549,,-0.28504759073257446,
48,,28599,,-0.2546457350254059,
48,,28649,,-0.33558881282806396,
48,,28699,,-0.2674451172351837,
48,,28749,,-0.33043527603149414,
48,,28762,,,-0.19778972864151
48,,28762,-0.2819838225841522,,
,0.0005,28763,,,
49,,28799,,-0.23437516391277313,
49,,28849,,-0.1609509140253067,
49,,28899,,-0.24511389434337616,
49,,28949,,-0.17117662727832794,
49,,28999,,-0.407918244600296,
49,,29049,,-0.26721644401550293,
49,,29099,,-0.3271099030971527,
49,,29149,,-0.2971794605255127,
49,,29199,,-0.2266058325767517,
49,,29249,,-0.34516581892967224,
49,,29299,,-0.2598426938056946,
49,,29349,,-0.39680933952331543,
49,,29349,,,-0.1640576720237732
49,,29349,-0.28199154138565063,,
,0.0005,29350,,,
50,,29399,,-0.3365608751773834,
50,,29449,,-0.3098418116569519,
50,,29499,,-0.2943498194217682,
50,,29549,,-0.26543399691581726,
50,,29599,,-0.36285197734832764,
50,,29649,,-0.23455004394054413,
50,,29699,,-0.32619673013687134,
50,,29749,,-0.15018507838249207,
50,,29799,,-0.2559181749820709,
50,,29849,,-0.2154904156923294,
50,,29899,,-0.22416360676288605,
50,,29936,,,-0.27539128065109253
50,,29936,-0.27526262402534485,,
,0.0005,29937,,,
51,,29949,,-0.3861245810985565,
51,,29999,,-0.255458265542984,
51,,30049,,-0.2749767303466797,
51,,30099,,-0.2882658839225769,
51,,30149,,-0.24805551767349243,
51,,30199,,-0.39412665367126465,
51,,30249,,-0.26830583810806274,
51,,30299,,-0.2480757087469101,
51,,30349,,-0.2528148889541626,
51,,30399,,-0.2573029398918152,
51,,30449,,-0.1837160438299179,
51,,30499,,-0.10819512605667114,
51,,30523,,,-0.18211834132671356
51,,30523,-0.27043089270591736,,
,0.0005,30524,,,
52,,30549,,-0.39116358757019043,
52,,30599,,-0.21269170939922333,
52,,30649,,-0.41223397850990295,
52,,30699,,-0.34681493043899536,
52,,30749,,-0.23859435319900513,
52,,30799,,-0.28791019320487976,
52,,30849,,-0.39178168773651123,
52,,30899,,-0.3328542113304138,
52,,30949,,-0.31437602639198303,
52,,30999,,-0.4050094485282898,
52,,31049,,-0.24115225672721863,
52,,31099,,-0.2482023686170578,
52,,31110,,,-0.28815677762031555
52,,31110,-0.28128767013549805,,
,0.0005,31111,,,
53,,31149,,-0.38581931591033936,
53,,31199,,-0.21042084693908691,
53,,31249,,-0.32894349098205566,
53,,31299,,-0.36532801389694214,
53,,31349,,-0.359275758266449,
53,,31399,,-0.22579112648963928,
53,,31449,,-0.2805421054363251,
53,,31499,,-0.18014639616012573,
53,,31549,,-0.319434255361557,
53,,31599,,-0.2838967442512512,
53,,31649,,-0.308538019657135,
53,,31697,,,-0.24871505796909332
53,,31697,-0.29113689064979553,,
,0.0005,31698,,,
54,,31699,,-0.21306651830673218,
54,,31749,,-0.28078460693359375,
54,,31799,,-0.28372302651405334,
54,,31849,,-0.3044930100440979,
54,,31899,,-0.3730679452419281,
54,,31949,,-0.2925729751586914,
54,,31999,,-0.34464138746261597,
54,,32049,,-0.3706638216972351,
54,,32099,,-0.16843225061893463,
54,,32149,,-0.25124287605285645,
54,,32199,,-0.26443976163864136,
54,,32249,,-0.3658985495567322,
54,,32284,,,-0.16217182576656342
54,,32284,-0.2974000871181488,,
,0.0005,32285,,,
55,,32299,,-0.3233168125152588,
55,,32349,,-0.3126761317253113,
55,,32399,,-0.3200685381889343,
55,,32449,,-0.35056591033935547,
55,,32499,,-0.2639559805393219,
55,,32549,,-0.3334589898586273,
55,,32599,,-0.26182326674461365,
55,,32649,,-0.4249175786972046,
55,,32699,,-0.21394921839237213,
55,,32749,,-0.3376672863960266,
55,,32799,,-0.316104531288147,
55,,32849,,-0.2472570538520813,
55,,32871,,,-0.17795710265636444
55,,32871,-0.28911611437797546,,
,0.0005,32872,,,
56,,32899,,-0.2884930372238159,
56,,32949,,-0.3530949652194977,
56,,32999,,-0.3172149360179901,
56,,33049,,-0.36910006403923035,
56,,33099,,-0.2951635718345642,
56,,33149,,-0.30690813064575195,
56,,33199,,-0.36063599586486816,
56,,33249,,-0.22972562909126282,
56,,33299,,-0.16474495828151703,
56,,33349,,-0.33673790097236633,
56,,33399,,-0.19551075994968414,
56,,33449,,-0.12588711082935333,
56,,33458,,,-0.23421576619148254
56,,33458,-0.3010491728782654,,
,0.0005,33459,,,
57,,33499,,-0.4493778944015503,
57,,33549,,-0.2626255750656128,
57,,33599,,-0.20008398592472076,
57,,33649,,-0.3356151878833771,
57,,33699,,-0.2900155484676361,
57,,33749,,-0.08337880671024323,
57,,33799,,-0.34410789608955383,
57,,33849,,-0.3932533860206604,
57,,33899,,-0.2913273572921753,
57,,33949,,-0.2775590121746063,
57,,33999,,-0.4188706576824188,
57,,34045,,,-0.22315990924835205
57,,34045,-0.2962868809700012,,
,0.0005,34046,,,
58,,34049,,-0.20119279623031616,
58,,34099,,-0.36139288544654846,
58,,34149,,-0.16250668466091156,
58,,34199,,-0.29651913046836853,
58,,34249,,-0.24883423745632172,
58,,34299,,-0.296991765499115,
58,,34349,,-0.22736966609954834,
58,,34399,,-0.3365458846092224,
58,,34449,,-0.35777437686920166,
58,,34499,,-0.29777002334594727,
58,,34549,,-0.387119323015213,
58,,34599,,-0.3652093708515167,
58,,34632,,,-0.1955406367778778
58,,34632,-0.2892724871635437,,
,0.0005,34633,,,
59,,34649,,-0.3680860698223114,
59,,34699,,-0.32563328742980957,
59,,34749,,-0.16450093686580658,
59,,34799,,-0.2531042993068695,
59,,34849,,-0.23619049787521362,
59,,34899,,-0.1949692964553833,
59,,34949,,-0.33156242966651917,
59,,34999,,-0.26552966237068176,
59,,35049,,-0.2948405146598816,
59,,35099,,-0.15752163529396057,
59,,35149,,-0.2947418689727783,
59,,35199,,-0.22705286741256714,
59,,35219,,,-0.2501230835914612
59,,35219,-0.2912101745605469,,
,0.0005,35220,,,
60,,35249,,-0.1713220626115799,
60,,35299,,-0.38725900650024414,
60,,35349,,-0.22997142374515533,
60,,35399,,-0.224696084856987,
60,,35449,,-0.3745526671409607,
60,,35499,,-0.26335179805755615,
60,,35549,,-0.25326111912727356,
60,,35599,,-0.2825931906700134,
60,,35649,,-0.13485121726989746,
60,,35699,,-0.321546345949173,
60,,35749,,-0.17487971484661102,
60,,35799,,-0.29396140575408936,
60,,35806,,,-0.1889135241508484
60,,35806,-0.2961553931236267,,
,0.0005,35807,,,
61,,35849,,-0.32705697417259216,
61,,35899,,-0.22482523322105408,
61,,35949,,-0.16870951652526855,
61,,35999,,-0.3974817991256714,
61,,36049,,-0.27643710374832153,
61,,36099,,-0.3593229353427887,
61,,36149,,-0.30609241127967834,
61,,36199,,-0.31583526730537415,
61,,36249,,-0.33024200797080994,
61,,36299,,-0.42218682169914246,
61,,36349,,-0.28104087710380554,
61,,36393,,,-0.17032496631145477
61,,36393,-0.28997015953063965,,
,0.0005,36394,,,
62,,36399,,-0.2799573540687561,
62,,36449,,-0.2015124410390854,
62,,36499,,-0.45140984654426575,
62,,36549,,-0.3730723559856415,
62,,36599,,-0.30230242013931274,
62,,36649,,-0.3425282835960388,
62,,36699,,-0.3891976475715637,
62,,36749,,-0.24616789817810059,
62,,36799,,-0.3233826458454132,
62,,36849,,-0.3205287754535675,
62,,36899,,-0.3293861150741577,
62,,36949,,-0.33991333842277527,
62,,36980,,,-0.3112020790576935
62,,36980,-0.30463099479675293,,
,0.0005,36981,,,
63,,36999,,-0.24810713529586792,
63,,37049,,-0.3546297550201416,
63,,37099,,-0.2331136167049408,
63,,37149,,-0.28365060687065125,
63,,37199,,-0.12480352073907852,
63,,37249,,-0.3003863990306854,
63,,37299,,-0.3037625849246979,
63,,37349,,-0.33014410734176636,
63,,37399,,-0.3891739845275879,
63,,37449,,-0.281620591878891,
63,,37499,,-0.2878454923629761,
63,,37549,,-0.33354419469833374,
63,,37567,,,-0.2178739756345749
63,,37567,-0.3035449981689453,,
,0.0005,37568,,,
64,,37599,,-0.1845410168170929,
64,,37649,,-0.3640553057193756,
64,,37699,,-0.3176884353160858,
64,,37749,,-0.3584028482437134,
64,,37799,,-0.3593010902404785,
64,,37849,,-0.17090654373168945,
64,,37899,,-0.26920443773269653,
64,,37949,,-0.2926216423511505,
64,,37999,,-0.4735504388809204,
64,,38049,,-0.30444151163101196,
64,,38099,,-0.3097546100616455,
64,,38149,,-0.36844924092292786,
64,,38154,,,-0.2850150763988495
64,,38154,-0.309445321559906,,
,0.0005,38155,,,
65,,38199,,-0.29609671235084534,
65,,38249,,-0.3650394678115845,
65,,38299,,-0.40892159938812256,
65,,38349,,-0.2724611461162567,
65,,38399,,-0.3501148223876953,
65,,38449,,-0.25525787472724915,
65,,38499,,-0.2769850492477417,
65,,38549,,-0.3091396987438202,
65,,38599,,-0.3497718572616577,
65,,38649,,-0.31093764305114746,
65,,38699,,-0.40036213397979736,
65,,38741,,,-0.28092172741889954
65,,38741,-0.3200434744358063,,
,0.0005,38742,,,
66,,38749,,-0.35719889402389526,
66,,38799,,-0.3675711154937744,
66,,38849,,-0.3538067042827606,
66,,38899,,-0.29235413670539856,
66,,38949,,-0.2706916034221649,
66,,38999,,-0.2395470142364502,
66,,39049,,-0.34591490030288696,
66,,39099,,-0.28217294812202454,
66,,39149,,-0.37983131408691406,
66,,39199,,-0.3725370466709137,
66,,39249,,-0.2808372974395752,
66,,39299,,-0.30855894088745117,
66,,39328,,,-0.12452630698680878
66,,39328,-0.3245851695537567,,
,0.0005,39329,,,
67,,39349,,-0.33421584963798523,
67,,39399,,-0.2182120531797409,
67,,39449,,-0.4349515438079834,
67,,39499,,-0.36769458651542664,
67,,39549,,-0.24846693873405457,
67,,39599,,-0.40213266015052795,
67,,39649,,-0.4514143168926239,
67,,39699,,-0.2639130651950836,
67,,39749,,-0.30265405774116516,
67,,39799,,-0.3346881568431854,
67,,39849,,-0.4313218891620636,
67,,39899,,-0.42539000511169434,
67,,39915,,,-0.22450774908065796
67,,39915,-0.3067688047885895,,
,0.0005,39916,,,
68,,39949,,-0.24640798568725586,
68,,39999,,-0.24813608825206757,
68,,40049,,-0.30726656317710876,
68,,40099,,-0.3343919813632965,
68,,40149,,-0.29718008637428284,
68,,40199,,-0.32888537645339966,
68,,40249,,-0.34238365292549133,
68,,40299,,-0.30516090989112854,
68,,40349,,-0.3573799133300781,
68,,40399,,-0.2633613049983978,
68,,40449,,-0.24976412951946259,
68,,40499,,-0.2474243938922882,
68,,40502,,,-0.21079856157302856
68,,40502,-0.30282819271087646,,
,0.0005,40503,,,
69,,40549,,-0.3361029028892517,
69,,40599,,-0.2909122407436371,
69,,40649,,-0.3296356797218323,
69,,40699,,-0.3749191164970398,
69,,40749,,-0.43074315786361694,
69,,40799,,-0.3505434989929199,
69,,40849,,-0.2622109055519104,
69,,40899,,-0.4327126145362854,
69,,40949,,-0.38506895303726196,
69,,40999,,-0.3200228810310364,
69,,41049,,-0.28761786222457886,
69,,41089,,,-0.2811751365661621
69,,41089,-0.3236837089061737,,
,0.0005,41090,,,
70,,41099,,-0.26650580763816833,
70,,41149,,-0.3050331175327301,
70,,41199,,-0.32632559537887573,
70,,41249,,-0.3758239448070526,
70,,41299,,-0.3396844267845154,
70,,41349,,-0.3234482407569885,
70,,41399,,-0.3292296826839447,
70,,41449,,-0.3053891956806183,
70,,41499,,-0.24307705461978912,
70,,41549,,-0.3625487983226776,
70,,41599,,-0.3220110237598419,
70,,41649,,-0.19019079208374023,
70,,41676,,,-0.22262202203273773
70,,41676,-0.3012327551841736,,
,0.0005,41677,,,
71,,41699,,-0.37658897042274475,
71,,41749,,-0.2683769166469574,
71,,41799,,-0.3448807895183563,
71,,41849,,-0.2547132074832916,
71,,41899,,-0.31456729769706726,
71,,41949,,-0.3341014087200165,
71,,41999,,-0.3034574091434479,
71,,42049,,-0.3753707706928253,
71,,42099,,-0.32322579622268677,
71,,42149,,-0.21213525533676147,
71,,42199,,-0.16631914675235748,
71,,42249,,-0.23541615903377533,
71,,42263,,,0.16701854765415192
71,,42263,-0.30725395679473877,,
,0.0005,42264,,,
72,,42299,,-0.23462793231010437,
72,,42349,,-0.31116071343421936,
72,,42399,,-0.30755212903022766,
72,,42449,,-0.33070364594459534,
72,,42499,,-0.33048364520072937,
72,,42549,,-0.28368476033210754,
72,,42599,,-0.276872456073761,
72,,42649,,-0.33558738231658936,
72,,42699,,-0.418728232383728,
72,,42749,,-0.39564546942710876,
72,,42799,,-0.2497541457414627,
72,,42849,,-0.30778634548187256,
72,,42850,,,-0.18559126555919647
72,,42850,-0.32184070348739624,,
,0.0005,42851,,,
73,,42899,,-0.3392307460308075,
73,,42949,,-0.29150909185409546,
73,,42999,,-0.4183119237422943,
73,,43049,,-0.29778993129730225,
73,,43099,,-0.36358487606048584,
73,,43149,,-0.41126954555511475,
73,,43199,,-0.35788753628730774,
73,,43249,,-0.31447482109069824,
73,,43299,,-0.3587009608745575,
73,,43349,,-0.22719494998455048,
73,,43399,,-0.23822206258773804,
73,,43437,,,0.0039613498374819756
73,,43437,-0.3219832479953766,,
,0.0005,43438,,,
74,,43449,,-0.21749596297740936,
74,,43499,,-0.37528812885284424,
74,,43549,,-0.3157416880130768,
74,,43599,,-0.29490363597869873,
74,,43649,,-0.17875750362873077,
74,,43699,,-0.3770824372768402,
74,,43749,,-0.3751991391181946,
74,,43799,,-0.3372316062450409,
74,,43849,,-0.38685816526412964,
74,,43899,,-0.39227014780044556,
74,,43949,,-0.3609214127063751,
74,,43999,,-0.31748443841934204,
74,,44024,,,-0.2742754817008972
74,,44024,-0.3279895484447479,,
,0.0005,44025,,,
75,,44049,,-0.22526022791862488,
75,,44099,,-0.19505564868450165,
75,,44149,,-0.3276427686214447,
75,,44199,,-0.3346617519855499,
75,,44249,,-0.3663504719734192,
75,,44299,,-0.21808448433876038,
75,,44349,,-0.4112066626548767,
75,,44399,,-0.23569883406162262,
75,,44449,,-0.3988693952560425,
75,,44499,,-0.3440404534339905,
75,,44549,,-0.3239586651325226,
75,,44599,,-0.3557214140892029,
75,,44611,,,-0.3112463653087616
75,,44611,-0.3314953148365021,,
,0.0005,44612,,,
76,,44649,,-0.39695918560028076,
76,,44699,,-0.4387907087802887,
76,,44749,,-0.31835994124412537,
76,,44799,,-0.195839986205101,
76,,44849,,-0.47621700167655945,
76,,44899,,-0.3815499246120453,
76,,44949,,-0.43078064918518066,
76,,44999,,-0.2940342128276825,
76,,45049,,-0.34282463788986206,
76,,45099,,-0.3697987198829651,
76,,45149,,-0.3174833059310913,
76,,45198,,,0.02069629170000553
76,,45198,-0.33663204312324524,,
,0.0005,45199,,,
77,,45199,,-0.3235708177089691,
77,,45249,,-0.2740706205368042,
77,,45299,,-0.35952654480934143,
77,,45349,,-0.3240896165370941,
77,,45399,,-0.4035366475582123,
77,,45449,,-0.4207704961299896,
77,,45499,,0.14159640669822693,
77,,45549,,-0.3383687734603882,
77,,45599,,-0.30722013115882874,
77,,45649,,-0.3485214114189148,
77,,45699,,-0.38846707344055176,
77,,45749,,-0.410519540309906,
77,,45785,,,-0.3103220462799072
77,,45785,-0.3360062837600708,,
,0.0005,45786,,,
78,,45799,,-0.34408918023109436,
78,,45849,,-0.4186382591724396,
78,,45899,,-0.3704186677932739,
78,,45949,,-0.35533684492111206,
78,,45999,,-0.2947317361831665,
78,,46049,,-0.2703244984149933,
78,,46099,,-0.3501884341239929,
78,,46149,,-0.2977360785007477,
78,,46199,,-0.22626405954360962,
78,,46249,,-0.42812076210975647,
78,,46299,,-0.43632617592811584,
78,,46349,,-0.3205929100513458,
78,,46372,,,-0.2698277235031128
78,,46372,-0.34109801054000854,,
,0.0005,46373,,,
79,,46399,,-0.3769957721233368,
79,,46449,,-0.356621652841568,
79,,46499,,-0.35374578833580017,
79,,46549,,-0.3555775582790375,
79,,46599,,-0.3387967646121979,
79,,46649,,-0.32657843828201294,
79,,46699,,-0.32258477807044983,
79,,46749,,-0.2980368137359619,
79,,46799,,-0.20121225714683533,
79,,46849,,-0.2776482105255127,
79,,46899,,-0.4157043993473053,
79,,46949,,-0.24397782981395721,
79,,46959,,,-0.0856902226805687
79,,46959,-0.3458685576915741,,
,0.0005,46960,,,
80,,46999,,-0.34764987230300903,
80,,47049,,-0.2444344162940979,
80,,47099,,-0.44419342279434204,
80,,47149,,-0.3251506984233856,
80,,47199,,-0.3545258939266205,
80,,47249,,-0.3271345794200897,
80,,47299,,-0.32154330611228943,
80,,47349,,-0.44801846146583557,
80,,47399,,-0.35042211413383484,
80,,47449,,-0.4849703311920166,
80,,47499,,0.010264831595122814,
80,,47546,,,-0.29958051443099976
80,,47546,-0.338040292263031,,
,0.0005,47547,,,
81,,47549,,-0.38443732261657715,
81,,47599,,-0.34244102239608765,
81,,47649,,-0.33493372797966003,
81,,47699,,-0.4175824522972107,
81,,47749,,-0.30344095826148987,
81,,47799,,-0.36798930168151855,
81,,47849,,-0.33477938175201416,
81,,47899,,-0.3336171805858612,
81,,47949,,-0.3308739960193634,
81,,47999,,-0.3230225741863251,
81,,48049,,-0.298727422952652,
81,,48099,,-0.2548365592956543,
81,,48133,,,-0.326846182346344
81,,48133,-0.33404839038848877,,
,0.0005,48134,,,
82,,48149,,-0.3251023292541504,
82,,48199,,-0.33688977360725403,
82,,48249,,-0.29848289489746094,
82,,48299,,-0.3400961756706238,
82,,48349,,-0.23749327659606934,
82,,48399,,-0.29453086853027344,
82,,48449,,-0.4544571340084076,
82,,48499,,-0.36212748289108276,
82,,48549,,-0.28741058707237244,
82,,48599,,-0.39698895812034607,
82,,48649,,-0.26262301206588745,
82,,48699,,-0.2842239737510681,
82,,48720,,,-0.24779535830020905
82,,48720,-0.34448349475860596,,
,0.0005,48721,,,
83,,48749,,-0.495229035615921,
83,,48799,,-0.4710066020488739,
83,,48849,,-0.350471168756485,
83,,48899,,-0.3426758646965027,
83,,48949,,-0.3530403971672058,
83,,48999,,-0.2605209946632385,
83,,49049,,-0.40502017736434937,
83,,49099,,-0.29045844078063965,
83,,49149,,-0.34285348653793335,
83,,49199,,-0.41218647360801697,
83,,49249,,-0.4440314471721649,
83,,49299,,-0.3929591178894043,
83,,49307,,,-0.34071382880210876
83,,49307,-0.34947118163108826,,
,0.0005,49308,,,
84,,49349,,-0.3541870713233948,
84,,49399,,-0.4517792761325836,
84,,49449,,-0.3733072578907013,
84,,49499,,-0.27283382415771484,
84,,49549,,-0.183153435587883,
84,,49599,,-0.4462706744670868,
84,,49649,,-0.40314948558807373,
84,,49699,,-0.36781930923461914,
84,,49749,,-0.37492305040359497,
84,,49799,,-0.4040272533893585,
84,,49849,,-0.23476044833660126,
84,,49894,,,-0.23473453521728516
84,,49894,-0.3535849452018738,,
,0.0005,49895,,,
85,,49899,,-0.4193319082260132,
85,,49949,,-0.4609483480453491,
85,,49999,,-0.3018399775028229,
85,,50049,,-0.3704544007778168,
85,,50099,,-0.4084644913673401,
85,,50149,,-0.46377143263816833,
85,,50199,,-0.3944488763809204,
85,,50249,,-0.40493741631507874,
85,,50299,,-0.4384225606918335,
85,,50349,,-0.4478566348552704,
85,,50399,,-0.32486799359321594,
85,,50449,,-0.4155764877796173,
85,,50481,,,-0.29637235403060913
85,,50481,-0.35633769631385803,,
,0.0005,50482,,,
86,,50499,,-0.34949925541877747,
86,,50549,,-0.3314933478832245,
86,,50599,,-0.3730980455875397,
86,,50649,,-0.30284053087234497,
86,,50699,,-0.47388404607772827,
86,,50749,,-0.3713851571083069,
86,,50799,,-0.3615849018096924,
86,,50849,,-0.36766719818115234,
86,,50899,,-0.22125543653964996,
86,,50949,,-0.35250741243362427,
86,,50999,,-0.4001198410987854,
86,,51049,,-0.22206458449363708,
86,,51068,,,-0.1832665503025055
86,,51068,-0.3566097021102905,,
,0.0005,51069,,,
87,,51099,,-0.3488510847091675,
87,,51149,,-0.42320510745048523,
87,,51199,,-0.3280186057090759,
87,,51249,,-0.3558237552642822,
87,,51299,,-0.42531096935272217,
87,,51349,,-0.3858185410499573,
87,,51399,,-0.27188175916671753,
87,,51449,,-0.2342468947172165,
87,,51499,,-0.32393085956573486,
87,,51549,,-0.3513992428779602,
87,,51599,,-0.3766725957393646,
87,,51649,,-0.3773520886898041,
87,,51655,,,-0.23788873851299286
87,,51655,-0.3412184715270996,,
,0.0005,51656,,,
88,,51699,,-0.39202532172203064,
88,,51749,,-0.34562137722969055,
88,,51799,,-0.30507421493530273,
88,,51849,,-0.40105628967285156,
88,,51899,,-0.40922579169273376,
88,,51949,,-0.33685818314552307,
88,,51999,,-0.19917698204517365,
88,,52049,,-0.2450314313173294,
88,,52099,,-0.39510923624038696,
88,,52149,,-0.34601372480392456,
88,,52199,,-0.3437858819961548,
88,,52242,,,-0.2800809144973755
88,,52242,-0.3277938961982727,,
,0.0005,52243,,,
89,,52249,,-0.3776540160179138,
89,,52299,,-0.3079828917980194,
89,,52349,,-0.360331267118454,
89,,52399,,-0.3096983730792999,
89,,52449,,-0.4570503234863281,
89,,52499,,-0.2988177537918091,
89,,52549,,-0.39783474802970886,
89,,52599,,-0.38187530636787415,
89,,52649,,-0.38048094511032104,
89,,52699,,-0.35906392335891724,
89,,52749,,-0.19871558248996735,
89,,52799,,-0.35387587547302246,
89,,52829,,,-0.23856918513774872
89,,52829,-0.33660897612571716,,
,0.0005,52830,,,
90,,52849,,-0.34664952754974365,
90,,52899,,-0.16430367529392242,
90,,52949,,-0.41139456629753113,
90,,52999,,-0.3643778860569,
90,,53049,,-0.3229483664035797,
90,,53099,,-0.2891738712787628,
90,,53149,,-0.19357004761695862,
90,,53199,,-0.27964675426483154,
90,,53249,,-0.27632084488868713,
90,,53299,,-0.3637458384037018,
90,,53349,,-0.20645688474178314,
90,,53399,,-0.26290327310562134,
90,,53416,,,-0.2870408892631531
90,,53416,-0.32898691296577454,,
,0.0005,53417,,,
91,,53449,,-0.3882940709590912,
91,,53499,,-0.31438371539115906,
91,,53549,,-0.33165886998176575,
91,,53599,,-0.266235888004303,
91,,53649,,-0.34625443816185,
91,,53699,,-0.3711739778518677,
91,,53749,,-0.41071054339408875,
91,,53799,,-0.39352351427078247,
91,,53849,,-0.26925888657569885,
91,,53899,,-0.2543768286705017,
91,,53949,,-0.30120086669921875,
91,,53999,,-0.352571964263916,
91,,54003,,,-0.27767401933670044
91,,54003,-0.35825619101524353,,
,0.0005,54004,,,
92,,54049,,-0.3681173622608185,
92,,54099,,-0.3815438449382782,
92,,54149,,-0.36344972252845764,
92,,54199,,-0.3766861855983734,
92,,54249,,-0.3645324110984802,
92,,54299,,-0.4574848711490631,
92,,54349,,-0.41708293557167053,
92,,54399,,-0.39897575974464417,
92,,54449,,-0.20755471289157867,
92,,54499,,-0.2587536573410034,
92,,54549,,-0.2342747449874878,
92,,54590,,,-0.28234297037124634
92,,54590,-0.3468540608882904,,
,0.0005,54591,,,
93,,54599,,-0.3692275583744049,
93,,54649,,-0.3300643265247345,
93,,54699,,-0.4025028944015503,
93,,54749,,-0.35406288504600525,
93,,54799,,-0.386260986328125,
93,,54849,,-0.28843849897384644,
93,,54899,,-0.34904050827026367,
93,,54949,,-0.40774258971214294,
93,,54999,,-0.36893782019615173,
93,,55049,,-0.44310349225997925,
93,,55099,,-0.34653106331825256,
93,,55149,,-0.2881883382797241,
93,,55177,,,-0.2245209813117981
93,,55177,-0.35803788900375366,,
,0.0005,55178,,,
94,,55199,,-0.27965831756591797,
94,,55249,,-0.43627482652664185,
94,,55299,,-0.2958361506462097,
94,,55349,,-0.3646696209907532,
94,,55399,,-0.3821432292461395,
94,,55449,,-0.44716134667396545,
94,,55499,,-0.3619091510772705,
94,,55549,,-0.3093230426311493,
94,,55599,,-0.3951852321624756,
94,,55649,,-0.4219695031642914,
94,,55699,,-0.5259345173835754,
94,,55749,,-0.3540225923061371,
94,,55764,,,-0.1808926910161972
94,,55764,-0.3658984899520874,,
,0.0005,55765,,,
95,,55799,,-0.2921711504459381,
95,,55849,,-0.3852921426296234,
95,,55899,,-0.28114932775497437,
95,,55949,,-0.3881339728832245,
95,,55999,,-0.42965731024742126,
95,,56049,,-0.3673120141029358,
95,,56099,,-0.3019040524959564,
95,,56149,,-0.23222477734088898,
95,,56199,,-0.2873724699020386,
95,,56249,,-0.2206955850124359,
95,,56299,,-0.417855829000473,
95,,56349,,-0.3936092257499695,
95,,56351,,,-0.32009416818618774
95,,56351,-0.3612111210823059,,
,0.0005,56352,,,
96,,56399,,-0.3236651122570038,
96,,56449,,-0.44812530279159546,
96,,56499,,-0.2707120180130005,
96,,56549,,-0.3030643165111542,
96,,56599,,-0.34995606541633606,
96,,56649,,-0.36201053857803345,
96,,56699,,-0.29565632343292236,
96,,56749,,-0.42496535181999207,
96,,56799,,-0.28765299916267395,
96,,56849,,-0.17823104560375214,
96,,56899,,-0.4068562090396881,
96,,56938,,,-0.2562312185764313
96,,56938,-0.34298184514045715,,
,0.0005,56939,,,
97,,56949,,-0.3896018862724304,
97,,56999,,-0.3256843090057373,
97,,57049,,-0.4016847610473633,
97,,57099,,-0.3159618675708771,
97,,57149,,-0.4720000624656677,
97,,57199,,-0.38029736280441284,
97,,57249,,-0.37780797481536865,
97,,57299,,-0.26630640029907227,
97,,57349,,-0.2998386323451996,
97,,57399,,-0.22361643612384796,
97,,57449,,-0.3363795280456543,
97,,57499,,-0.287724107503891,
97,,57525,,,-0.26417890191078186
97,,57525,-0.33362460136413574,,
,0.0005,57526,,,
98,,57549,,-0.48129481077194214,
98,,57599,,-0.2894628345966339,
98,,57649,,-0.23367901146411896,
98,,57699,,-0.342437744140625,
98,,57749,,-0.3442544937133789,
98,,57799,,-0.3541107177734375,
98,,57849,,-0.37856289744377136,
98,,57899,,-0.33407846093177795,
98,,57949,,-0.2787497639656067,
98,,57999,,-0.3228917419910431,
98,,58049,,-0.17966537177562714,
98,,58099,,-0.30234044790267944,
98,,58112,,,-0.21963675320148468
98,,58112,-0.3536955714225769,,
,0.0005,58113,,,
99,,58149,,-0.41756677627563477,
99,,58199,,-0.41193482279777527,
99,,58249,,-0.4035370647907257,
99,,58299,,-0.4095291793346405,
99,,58349,,-0.38481736183166504,
99,,58399,,-0.4212007522583008,
99,,58449,,-0.39440828561782837,
99,,58499,,-0.19799315929412842,
99,,58549,,-0.30759724974632263,
99,,58599,,-0.32225173711776733,
99,,58649,,-0.32411429286003113,
99,,58699,,-0.24800847470760345,
99,,58699,,,-0.3175203800201416
99,,58699,-0.3530575931072235,,
,0.0005,58700,,,
100,,58749,,-0.3144257664680481,
100,,58799,,-0.4421992599964142,
100,,58849,,-0.4197329878807068,
100,,58899,,-0.3315964937210083,
100,,58949,,-0.2389037311077118,
100,,58999,,-0.3369002342224121,
100,,59049,,-0.36070337891578674,
100,,59099,,-0.4497278034687042,
100,,59149,,-0.23849070072174072,
100,,59199,,-0.3464489281177521,
100,,59249,,-0.2619943618774414,
100,,59286,,,-0.23633845150470734
100,,59286,-0.3571569323539734,,
,0.0005,59287,,,
101,,59299,,-0.3215391933917999,
101,,59349,,-0.3755761682987213,
101,,59399,,-0.40270403027534485,
101,,59449,,-0.3131624162197113,
101,,59499,,-0.3942389488220215,
101,,59549,,-0.37327757477760315,
101,,59599,,-0.16371296346187592,
101,,59649,,-0.33660364151000977,
101,,59699,,-0.3690301179885864,
101,,59749,,-0.4100562632083893,
101,,59799,,-0.3863164484500885,
101,,59849,,-0.40842968225479126,
101,,59873,,,-0.3343864679336548
101,,59873,-0.3567579686641693,,
,0.0005,59874,,,
102,,59899,,-0.3828588128089905,
102,,59949,,-0.3199465274810791,
102,,59999,,-0.3045932650566101,
102,,60049,,-0.40299052000045776,
102,,60099,,-0.3928244411945343,
102,,60149,,-0.3779580295085907,
102,,60199,,-0.47673195600509644,
102,,60249,,-0.41561201214790344,
102,,60299,,-0.3316364288330078,
102,,60349,,-0.42703184485435486,
102,,60399,,-0.32280996441841125,
102,,60449,,-0.410917729139328,
102,,60460,,,-0.33225297927856445
102,,60460,-0.3766748607158661,,
,0.0005,60461,,,
103,,60499,,-0.497713178396225,
103,,60549,,-0.5043254494667053,
103,,60599,,-0.18380692601203918,
103,,60649,,-0.3846926987171173,
103,,60699,,-0.39580073952674866,
103,,60749,,-0.3398103713989258,
103,,60799,,-0.36883822083473206,
103,,60849,,-0.3402034640312195,
103,,60899,,-0.4016077220439911,
103,,60949,,-0.4336143136024475,
103,,60999,,-0.3936556577682495,
103,,61047,,,-0.12153170257806778
103,,61047,-0.38147416710853577,,
,0.0005,61048,,,
104,,61049,,-0.3489479720592499,
104,,61099,,-0.45021024346351624,
104,,61149,,-0.3764539062976837,
104,,61199,,-0.38377177715301514,
104,,61249,,-0.2901081442832947,
104,,61299,,-0.32062429189682007,
104,,61349,,-0.4160888195037842,
104,,61399,,-0.49024203419685364,
104,,61449,,-0.4727781414985657,
104,,61499,,-0.43440568447113037,
104,,61549,,-0.3220893144607544,
104,,61599,,-0.4483256936073303,
104,,61634,,,-0.25343945622444153
104,,61634,-0.3794148564338684,,
,0.0005,61635,,,
105,,61649,,-0.38282307982444763,
105,,61699,,-0.4354128837585449,
105,,61749,,-0.482177734375,
105,,61799,,-0.4051457643508911,
105,,61849,,-0.29374879598617554,
105,,61899,,-0.2606145143508911,
105,,61949,,-0.3363390266895294,
105,,61999,,-0.5158756971359253,
105,,62049,,-0.431849867105484,
105,,62099,,-0.19006666541099548,
105,,62149,,-0.2873780131340027,
105,,62199,,-0.41854915022850037,
105,,62221,,,-0.2482108324766159
105,,62221,-0.3823799788951874,,
,0.0005,62222,,,
106,,62249,,-0.33555522561073303,
106,,62299,,-0.32704517245292664,
106,,62349,,-0.3587566316127777,
106,,62399,,-0.3467269837856293,
106,,62449,,-0.34369173645973206,
106,,62499,,-0.36059868335723877,
106,,62549,,-0.41589900851249695,
106,,62599,,-0.3973774015903473,
106,,62649,,-0.3293890655040741,
106,,62699,,-0.3733256161212921,
106,,62749,,-0.4027259647846222,
106,,62799,,-0.403642475605011,
106,,62808,,,-0.25884485244750977
106,,62808,-0.3896732032299042,,
,0.0005,62809,,,
107,,62849,,-0.4700907766819,
107,,62899,,-0.3419066071510315,
107,,62949,,-0.38580062985420227,
107,,62999,,-0.3931407630443573,
107,,63049,,-0.09558994323015213,
107,,63099,,-0.3375617265701294,
107,,63149,,-0.37163877487182617,
107,,63199,,-0.340433269739151,
107,,63249,,-0.3899070620536804,
107,,63299,,-0.42943352460861206,
107,,63349,,-0.46950048208236694,
107,,63395,,,-0.31182238459587097
107,,63395,-0.3766840100288391,,
,0.0005,63396,,,
108,,63399,,-0.43931782245635986,
108,,63449,,-0.3424014747142792,
108,,63499,,-0.3728660047054291,
108,,63549,,-0.4931974411010742,
108,,63599,,-0.19869597256183624,
108,,63649,,-0.37291696667671204,
108,,63699,,-0.3866328001022339,
108,,63749,,-0.4162701964378357,
108,,63799,,-0.29320088028907776,
108,,63849,,-0.4440666735172272,
108,,63899,,-0.3442690670490265,
108,,63949,,-0.324944406747818,
108,,63982,,,-0.12606438994407654
108,,63982,-0.37130090594291687,,
,0.0005,63983,,,
109,,63999,,-0.34329962730407715,
109,,64049,,-0.46099403500556946,
109,,64099,,-0.4361196756362915,
109,,64149,,-0.34476158022880554,
109,,64199,,-0.42259252071380615,
109,,64249,,-0.3409848213195801,
109,,64299,,-0.3485460579395294,
109,,64349,,-0.14608155190944672,
109,,64399,,-0.4117797613143921,
109,,64449,,-0.41622304916381836,
109,,64499,,-0.42373400926589966,
109,,64549,,-0.4429793059825897,
109,,64569,,,-0.3118443191051483
109,,64569,-0.37147223949432373,,
,0.0005,64570,,,
110,,64599,,-0.45400840044021606,
110,,64649,,-0.39256152510643005,
110,,64699,,-0.3420186936855316,
110,,64749,,-0.4307654798030853,
110,,64799,,-0.47668692469596863,
110,,64849,,-0.34854310750961304,
110,,64899,,-0.3777225613594055,
110,,64949,,-0.5506818294525146,
110,,64999,,-0.30986711382865906,
110,,65049,,-0.3559623062610626,
110,,65099,,-0.43791788816452026,
110,,65149,,-0.4337751269340515,
110,,65156,,,0.006677977740764618
110,,65156,-0.3833244740962982,,
,0.0005,65157,,,
111,,65199,,-0.3998098075389862,
111,,65249,,-0.4139517843723297,
111,,65299,,-0.38593438267707825,
111,,65349,,-0.4841979742050171,
111,,65399,,-0.4107949435710907,
111,,65449,,-0.3418550193309784,
111,,65499,,-0.3549296259880066,
111,,65549,,-0.44358164072036743,
111,,65599,,-0.34003129601478577,
111,,65649,,-0.447641521692276,
111,,65699,,-0.41709527373313904,
111,,65743,,,-0.26315420866012573
111,,65743,-0.39332738518714905,,
,0.0005,65744,,,
112,,65749,,-0.37547415494918823,
112,,65799,,-0.49412956833839417,
112,,65849,,-0.34958416223526,
112,,65899,,-0.45498695969581604,
112,,65949,,-0.3192177414894104,
112,,65999,,-0.27879568934440613,
112,,66049,,-0.3446456789970398,
112,,66099,,-0.43570488691329956,
112,,66149,,-0.3928478956222534,
112,,66199,,-0.447639524936676,
112,,66249,,-0.4595136344432831,
112,,66299,,-0.3109149932861328,
112,,66330,,,-0.29803863167762756
112,,66330,-0.39420852065086365,,
,0.0005,66331,,,
113,,66349,,-0.3638158440589905,
113,,66399,,-0.3532457947731018,
113,,66449,,-0.5182853937149048,
113,,66499,,-0.4329758584499359,
113,,66549,,-0.45045706629753113,
113,,66599,,-0.44987085461616516,
113,,66649,,-0.37844616174697876,
113,,66699,,-0.27136966586112976,
113,,66749,,-0.4033423066139221,
113,,66799,,-0.37245434522628784,
113,,66849,,-0.47608479857444763,
113,,66899,,-0.3032078444957733,
113,,66917,,,-0.30673739314079285
113,,66917,-0.39791780710220337,,
,0.0005,66918,,,
114,,66949,,-0.3688906729221344,
114,,66999,,-0.38851258158683777,
114,,67049,,-0.39937371015548706,
114,,67099,,-0.4188464879989624,
114,,67149,,-0.3732806444168091,
114,,67199,,-0.39629122614860535,
114,,67249,,-0.45381560921669006,
114,,67299,,-0.465658962726593,
114,,67349,,-0.4662833511829376,
114,,67399,,-0.4884907901287079,
114,,67449,,-0.48012927174568176,
114,,67499,,-0.3718503713607788,
114,,67504,,,-0.37432780861854553
114,,67504,-0.3977612853050232,,
,0.0005,67505,,,
115,,67549,,-0.43963614106178284,
115,,67599,,-0.47372472286224365,
115,,67649,,-0.34386366605758667,
115,,67699,,-0.4008486270904541,
115,,67749,,-0.3080142140388489,
115,,67799,,-0.32538551092147827,
115,,67849,,-0.5303013324737549,
115,,67899,,-0.4482957124710083,
115,,67949,,-0.38242825865745544,
115,,67999,,-0.43317440152168274,
115,,68049,,-0.35714858770370483,
115,,68091,,,-0.1920478343963623
115,,68091,-0.3970961570739746,,
,0.0005,68092,,,
116,,68099,,-0.41967400908470154,
116,,68149,,-0.4567714333534241,
116,,68199,,-0.4904141128063202,
116,,68249,,-0.4565439522266388,
116,,68299,,-0.30650952458381653,
116,,68349,,-0.3249083161354065,
116,,68399,,-0.4807201623916626,
116,,68449,,-0.2847529649734497,
116,,68499,,-0.3599306344985962,
116,,68549,,-0.43433675169944763,
116,,68599,,-0.49646103382110596,
116,,68649,,-0.3089025914669037,
116,,68678,,,0.2551521956920624
116,,68678,-0.3994238078594208,,
,0.0005,68679,,,
117,,68699,,-0.4056655466556549,
117,,68749,,-0.4123949110507965,
117,,68799,,-0.3082553744316101,
117,,68849,,-0.4247782826423645,
117,,68899,,-0.38607490062713623,
117,,68949,,-0.47994449734687805,
117,,68999,,-0.31520381569862366,
117,,69049,,-0.22330814599990845,
117,,69099,,-0.42241761088371277,
117,,69149,,-0.5127933025360107,
117,,69199,,-0.40236350893974304,
117,,69249,,-0.36402931809425354,
117,,69265,,,-0.30271705985069275
117,,69265,-0.38760167360305786,,
,0.0005,69266,,,
118,,69299,,-0.32552674412727356,
118,,69349,,-0.4131411910057068,
118,,69399,,-0.4571904242038727,
118,,69449,,-0.4210364818572998,
118,,69499,,-0.45303598046302795,
118,,69549,,-0.40934619307518005,
118,,69599,,-0.33627843856811523,
118,,69649,,-0.5217921733856201,
118,,69699,,-0.26174309849739075,
118,,69749,,-0.4239117205142975,
118,,69799,,-0.4855268895626068,
118,,69849,,-0.40213775634765625,
118,,69852,,,-0.2200172245502472
118,,69852,-0.40198013186454773,,
,0.0005,69853,,,
119,,69899,,-0.35917624831199646,
119,,69949,,-0.3446318507194519,
119,,69999,,-0.45208367705345154,
119,,70049,,-0.4253639578819275,
119,,70099,,-0.4384489059448242,
119,,70149,,-0.5164991617202759,
119,,70199,,-0.4020369052886963,
119,,70249,,-0.4498363733291626,
119,,70299,,-0.4765390455722809,
119,,70349,,-0.457345187664032,
119,,70399,,-0.2399188131093979,
119,,70439,,,-0.357820063829422
119,,70439,-0.3998968303203583,,
,0.0005,70440,,,
120,,70449,,-0.38763001561164856,
120,,70499,,-0.2528688609600067,
120,,70549,,-0.40830904245376587,
120,,70599,,-0.3111749589443207,
120,,70649,,-0.4759453237056732,
120,,70699,,-0.4325648546218872,
120,,70749,,-0.40160900354385376,
120,,70799,,-0.44174525141716003,
120,,70849,,-0.5188673138618469,
120,,70899,,-0.2102193683385849,
120,,70949,,-0.44140881299972534,
120,,70999,,-0.3906461000442505,
120,,71026,,,-0.26411592960357666
120,,71026,-0.40048158168792725,,
,0.0005,71027,,,
121,,71049,,-0.40329593420028687,
121,,71099,,-0.37376827001571655,
121,,71149,,-0.42318588495254517,
121,,71199,,-0.3474748134613037,
121,,71249,,-0.43591243028640747,
121,,71299,,-0.4745399057865143,
121,,71349,,-0.20666763186454773,
121,,71399,,-0.4708704352378845,
121,,71449,,-0.39551642537117004,
121,,71499,,-0.4071272909641266,
121,,71549,,-0.3325212895870209,
121,,71599,,-0.35178786516189575,
121,,71613,,,-0.38077786564826965
121,,71613,-0.4013611078262329,,
,0.0005,71614,,,
122,,71649,,-0.5032891035079956,
122,,71699,,-0.46900761127471924,
122,,71749,,-0.2490580677986145,
122,,71799,,-0.5285773277282715,
122,,71849,,-0.4290485978126526,
122,,71899,,-0.4804030954837799,
122,,71949,,-0.4925004243850708,
122,,71999,,-0.4055927097797394,
122,,72049,,-0.3144126832485199,
122,,72099,,-0.39029186964035034,
122,,72149,,-0.5141390562057495,
122,,72199,,-0.35956600308418274,
122,,72200,,,-0.020417645573616028
122,,72200,-0.405180424451828,,
,0.0005,72201,,,
123,,72249,,-0.4834944009780884,
123,,72299,,-0.42346304655075073,
123,,72349,,-0.36550480127334595,
123,,72399,,-0.4948541224002838,
123,,72449,,-0.4682472348213196,
123,,72499,,-0.3931327164173126,
123,,72549,,-0.4790300130844116,
123,,72599,,-0.37318679690361023,
123,,72649,,-0.44045498967170715,
123,,72699,,-0.3766006827354431,
123,,72749,,-0.3762992322444916,
123,,72787,,,-0.26779597997665405
123,,72787,-0.4124357998371124,,
,0.0005,72788,,,
124,,72799,,-0.28843849897384644,
124,,72849,,-0.41566258668899536,
124,,72899,,-0.4298061728477478,
124,,72949,,-0.36899617314338684,
124,,72999,,-0.4949378967285156,
124,,73049,,-0.38034531474113464,
124,,73099,,-0.21845975518226624,
124,,73149,,-0.4103577136993408,
124,,73199,,-0.2735702097415924,
124,,73249,,-0.5386890172958374,
124,,73299,,-0.22540058195590973,
124,,73349,,-0.5070188045501709,
124,,73374,,,-0.1732044368982315
124,,73374,-0.372111439704895,,
,0.0005,73375,,,
125,,73399,,-0.42727482318878174,
125,,73449,,-0.46022742986679077,
125,,73499,,-0.4244903028011322,
125,,73549,,-0.3962188959121704,
125,,73599,,-0.4421178102493286,
125,,73649,,-0.4441578686237335,
125,,73699,,-0.4138035178184509,
125,,73749,,-0.3892924189567566,
125,,73799,,-0.4472551941871643,
125,,73849,,-0.5166613459587097,
125,,73899,,-0.4050067663192749,
125,,73949,,-0.4793657958507538,
125,,73961,,,-0.24220433831214905
125,,73961,-0.4099463224411011,,
,0.0005,73962,,,
126,,73999,,-0.4845884442329407,
126,,74049,,-0.45805099606513977,
126,,74099,,-0.4332696497440338,
126,,74149,,-0.44908130168914795,
126,,74199,,-0.4778427481651306,
126,,74249,,-0.40860670804977417,
126,,74299,,-0.5389072895050049,
126,,74349,,-0.5323442816734314,
126,,74399,,-0.47813552618026733,
126,,74449,,-0.38527554273605347,
126,,74499,,-0.3470933139324188,
126,,74548,,,-0.260498583316803
126,,74548,-0.41258203983306885,,
,0.0005,74549,,,
127,,74549,,-0.4962296187877655,
127,,74599,,-0.3995135724544525,
127,,74649,,-0.4158187806606293,
127,,74699,,-0.5317103266716003,
127,,74749,,-0.4157065153121948,
127,,74799,,-0.5083444714546204,
127,,74849,,-0.4098753035068512,
127,,74899,,-0.4486238956451416,
127,,74949,,-0.4777614176273346,
127,,74999,,-0.36258500814437866,
127,,75049,,-0.35851210355758667,
127,,75099,,-0.36325502395629883,
127,,75135,,,-0.23098203539848328
127,,75135,-0.4147862493991852,,
,0.0005,75136,,,
128,,75149,,-0.35552844405174255,
128,,75199,,-0.4885062873363495,
128,,75249,,-0.3819946050643921,
128,,75299,,-0.46190017461776733,
128,,75349,,-0.39501622319221497,
128,,75399,,-0.41835492849349976,
128,,75449,,-0.5259665250778198,
128,,75499,,-0.45608654618263245,
128,,75549,,-0.3591356575489044,
128,,75599,,-0.36806586384773254,
128,,75649,,-0.4160401523113251,
128,,75699,,-0.4795387387275696,
128,,75722,,,-0.3805474638938904
128,,75722,-0.41979163885116577,,
,0.0005,75723,,,
129,,75749,,-0.2961166501045227,
129,,75799,,-0.5333994030952454,
129,,75849,,-0.39649802446365356,
129,,75899,,-0.3583744466304779,
129,,75949,,-0.4160372018814087,
129,,75999,,-0.39485639333724976,
129,,76049,,-0.3854771852493286,
129,,76099,,-0.5289326906204224,
129,,76149,,-0.3342307507991791,
129,,76199,,-0.30406302213668823,
129,,76249,,-0.36671963334083557,
129,,76299,,-0.43890541791915894,
129,,76309,,,-0.1195850670337677
129,,76309,-0.42141589522361755,,
,0.0005,76310,,,
130,,76349,,-0.40900084376335144,
130,,76399,,-0.5095331072807312,
130,,76449,,-0.3768201172351837,
130,,76499,,-0.375728964805603,
130,,76549,,-0.3876500427722931,
130,,76599,,-0.41930586099624634,
130,,76649,,-0.41576600074768066,
130,,76699,,-0.3697766363620758,
130,,76749,,-0.3089947998523712,
130,,76799,,-0.45925372838974,
130,,76849,,-0.07263856381177902,
130,,76896,,,-0.17876365780830383
130,,76896,-0.4019104242324829,,
,0.0005,76897,,,
131,,76899,,-0.4981018900871277,
131,,76949,,-0.36705973744392395,
131,,76999,,-0.3970036804676056,
131,,77049,,-0.4604852795600891,
131,,77099,,-0.4935474395751953,
131,,77149,,-0.3866204619407654,
131,,77199,,-0.4189281761646271,
131,,77249,,-0.3561643660068512,
131,,77299,,-0.5314633846282959,
131,,77349,,-0.3740971088409424,
131,,77399,,-0.3956815004348755,
131,,77449,,-0.49004650115966797,
131,,77483,,,-0.37561285495758057
131,,77483,-0.3982166349887848,,
,0.0005,77484,,,
132,,77499,,-0.44156789779663086,
132,,77549,,-0.442902147769928,
132,,77599,,-0.35732924938201904,
132,,77649,,-0.4331059753894806,
132,,77699,,-0.3512936234474182,
132,,77749,,-0.46548596024513245,
132,,77799,,-0.45885708928108215,
132,,77849,,-0.4184439182281494,
132,,77899,,-0.37143653631210327,
132,,77949,,-0.44787806272506714,
132,,77999,,-0.31764960289001465,
132,,78049,,-0.4669140875339508,
132,,78070,,,-0.2197091430425644
132,,78070,-0.4220468997955322,,
,0.0005,78071,,,
133,,78099,,-0.35983556509017944,
133,,78149,,-0.31874799728393555,
133,,78199,,-0.3473588228225708,
133,,78249,,-0.5095934271812439,
133,,78299,,-0.39105314016342163,
133,,78349,,-0.3637889325618744,
133,,78399,,-0.2108006775379181,
133,,78449,,-0.3756295144557953,
133,,78499,,-0.5206673741340637,
133,,78549,,-0.5044097304344177,
133,,78599,,-0.2778879702091217,
133,,78649,,-0.3869389593601227,
133,,78657,,,-0.2463914453983307
133,,78657,-0.40044185519218445,,
,0.0005,78658,,,
134,,78699,,-0.4578774571418762,
134,,78749,,-0.38881614804267883,
134,,78799,,-0.47124364972114563,
134,,78849,,-0.48226189613342285,
134,,78899,,-0.42586755752563477,
134,,78949,,-0.4726591408252716,
134,,78999,,-0.295489102602005,
134,,79049,,-0.4610789120197296,
134,,79099,,-0.40060484409332275,
134,,79149,,-0.481679767370224,
134,,79199,,-0.33598268032073975,
134,,79244,,,-0.33857646584510803
134,,79244,-0.42004483938217163,,
,0.0005,79245,,,
135,,79249,,-0.4744671881198883,
135,,79299,,-0.2731199562549591,
135,,79349,,-0.4986821711063385,
135,,79399,,-0.39003628492355347,
135,,79449,,-0.449646532535553,
135,,79499,,-0.3674491047859192,
135,,79549,,-0.4860135316848755,
135,,79599,,-0.5569665431976318,
135,,79649,,-0.3746154010295868,
135,,79699,,-0.4463934004306793,
135,,79749,,-0.33116286993026733,
135,,79799,,-0.3342113196849823,
135,,79831,,,-0.20701494812965393
135,,79831,-0.426626980304718,,
,0.0005,79832,,,
136,,79849,,-0.39944756031036377,
136,,79899,,-0.36119791865348816,
136,,79949,,-0.35262003540992737,
136,,79999,,-0.4205678403377533,
136,,80049,,-0.2534264028072357,
136,,80099,,-0.36577558517456055,
136,,80149,,-0.43864575028419495,
136,,80199,,-0.5035425424575806,
136,,80249,,-0.381906121969223,
136,,80299,,-0.3925200402736664,
136,,80349,,-0.5192175507545471,
136,,80399,,-0.4201672673225403,
136,,80418,,,-0.004289440345019102
136,,80418,-0.4193844199180603,,
,0.0005,80419,,,
137,,80449,,-0.41411346197128296,
137,,80499,,-0.516692578792572,
137,,80549,,-0.431051641702652,
137,,80599,,-0.41734495759010315,
137,,80649,,-0.36053112149238586,
137,,80699,,-0.39192676544189453,
137,,80749,,-0.5390584468841553,
137,,80799,,-0.49838951230049133,
137,,80849,,-0.4950096011161804,
137,,80899,,-0.4630225896835327,
137,,80949,,-0.3937573730945587,
137,,80999,,-0.3720024824142456,
137,,81005,,,0.1427495926618576
137,,81005,-0.43131130933761597,,
,0.0005,81006,,,
138,,81049,,-0.43990418314933777,
138,,81099,,-0.536245584487915,
138,,81149,,-0.47890931367874146,
138,,81199,,-0.4264150559902191,
138,,81249,,-0.38228023052215576,
138,,81299,,-0.4802919626235962,
138,,81349,,-0.39758098125457764,
138,,81399,,-0.3972284495830536,
138,,81449,,-0.4086351990699768,
138,,81499,,-0.45314615964889526,
138,,81549,,-0.41888004541397095,
138,,81592,,,-0.20306648313999176
138,,81592,-0.42973044514656067,,
,0.0005,81593,,,
139,,81599,,-0.4271935224533081,
139,,81649,,-0.48516714572906494,
139,,81699,,-0.46028849482536316,
139,,81749,,-0.4174453914165497,
139,,81799,,-0.5394927859306335,
139,,81849,,-0.4697580337524414,
139,,81899,,-0.32509130239486694,
139,,81949,,-0.4476092457771301,
139,,81999,,-0.4981202185153961,
139,,82049,,-0.4380337595939636,
139,,82099,,-0.36679181456565857,
139,,82149,,-0.5501505136489868,
139,,82179,,,-0.18705594539642334
139,,82179,-0.43606624007225037,,
,0.0005,82180,,,
140,,82199,,-0.4184090197086334,
140,,82249,,-0.5029010772705078,
140,,82299,,-0.38077443838119507,
140,,82349,,-0.37837815284729004,
140,,82399,,-0.5113597512245178,
140,,82449,,-0.48756739497184753,
140,,82499,,-0.4570460021495819,
140,,82549,,-0.2725386321544647,
140,,82599,,-0.4086698889732361,
140,,82649,,-0.4496391713619232,
140,,82699,,-0.44828537106513977,
140,,82749,,-0.5062781572341919,
140,,82766,,,-0.10221072286367416
140,,82766,-0.4387096166610718,,
,0.0005,82767,,,
141,,82799,,-0.4282255470752716,
141,,82849,,-0.34235650300979614,
141,,82899,,-0.32712748646736145,
141,,82949,,-0.3992006182670593,
141,,82999,,-0.6069612503051758,
141,,83049,,-0.3560553789138794,
141,,83099,,-0.4353949725627899,
141,,83149,,-0.4647669494152069,
141,,83199,,-0.3613230586051941,
141,,83249,,-0.21566572785377502,
141,,83299,,-0.4658207595348358,
141,,83349,,-0.4597228765487671,
141,,83353,,,-0.2756575644016266
141,,83353,-0.4094107151031494,,
,0.0005,83354,,,
142,,83399,,-0.4415004253387451,
142,,83449,,-0.5056103467941284,
142,,83499,,-0.32332170009613037,
142,,83549,,-0.3186752498149872,
142,,83599,,-0.5139230489730835,
142,,83649,,-0.48182669281959534,
142,,83699,,-0.5232768654823303,
142,,83749,,-0.37989839911460876,
142,,83799,,-0.421753853559494,
142,,83849,,-0.45220524072647095,
142,,83899,,-0.39469802379608154,
142,,83940,,,-0.334614634513855
142,,83940,-0.4254262447357178,,
,0.0005,83941,,,
143,,83949,,-0.3435561954975128,
143,,83999,,-0.32080742716789246,
143,,84049,,-0.3662906885147095,
143,,84099,,-0.4150489866733551,
143,,84149,,-0.44469454884529114,
143,,84199,,-0.4779869318008423,
143,,84249,,-0.3930143117904663,
143,,84299,,-0.4760468304157257,
143,,84349,,-0.47690773010253906,
143,,84399,,-0.39826321601867676,
143,,84449,,-0.3615718185901642,
143,,84499,,-0.4592971205711365,
143,,84527,,,0.14169245958328247
143,,84527,-0.4327716529369354,,
,0.0005,84528,,,
144,,84549,,-0.5499963760375977,
144,,84599,,-0.5254037976264954,
144,,84649,,-0.42907026410102844,
144,,84699,,-0.43088671565055847,
144,,84749,,-0.4676053822040558,
144,,84799,,-0.4083661735057831,
144,,84849,,-0.46561259031295776,
144,,84899,,-0.43776068091392517,
144,,84949,,-0.4903777837753296,
144,,84999,,-0.5371378660202026,
144,,85049,,-0.5856724381446838,
144,,85099,,-0.42384982109069824,
144,,85114,,,0.9970209002494812
144,,85114,-0.4293175935745239,,
,0.0005,85115,,,
145,,85149,,-0.09794986993074417,
145,,85199,,-0.4687286615371704,
145,,85249,,-0.4986043870449066,
145,,85299,,-0.38900458812713623,
145,,85349,,-0.47266748547554016,
145,,85399,,-0.46886035799980164,
145,,85449,,-0.41015884280204773,
145,,85499,,-0.4894539415836334,
145,,85549,,-0.39813676476478577,
145,,85599,,-0.4851571023464203,
145,,85649,,-0.46783682703971863,
145,,85699,,-0.45527830719947815,
145,,85701,,,-0.25353655219078064
145,,85701,-0.3878183960914612,,
,0.0005,85702,,,
146,,85749,,-0.5063592791557312,
146,,85799,,-0.4069306254386902,
146,,85849,,-0.46360525488853455,
146,,85899,,-0.5739156007766724,
146,,85949,,-0.5288723707199097,
146,,85999,,-0.45531830191612244,
146,,86049,,-0.4660514295101166,
146,,86099,,-0.5513893961906433,
146,,86149,,-0.4837195873260498,
146,,86199,,-0.4654531478881836,
146,,86249,,-0.47205930948257446,
146,,86288,,,-0.21855781972408295
146,,86288,-0.44093963503837585,,
,0.0005,86289,,,
147,,86299,,-0.4597921371459961,
147,,86349,,-0.41013774275779724,
147,,86399,,-0.442439466714859,
147,,86449,,-0.41768044233322144,
147,,86499,,-0.5525684952735901,
147,,86549,,-0.29115498065948486,
147,,86599,,-0.3341718018054962,
147,,86649,,-0.3944290280342102,
147,,86699,,-0.402758926153183,
147,,86749,,-0.4767593741416931,
147,,86799,,-0.3625073730945587,
147,,86849,,-0.34315887093544006,
147,,86875,,,-0.07837124913930893
147,,86875,-0.4304148852825165,,
,0.0005,86876,,,
148,,86899,,-0.4397980272769928,
148,,86949,,-0.48803186416625977,
148,,86999,,-0.4283250570297241,
148,,87049,,-0.37098023295402527,
148,,87099,,-0.37917131185531616,
148,,87149,,-0.48687678575515747,
148,,87199,,-0.3945206105709076,
148,,87249,,-0.4848518967628479,
148,,87299,,-0.3311869502067566,
148,,87349,,-0.33385372161865234,
148,,87399,,-0.4975641071796417,
148,,87449,,-0.429350882768631,
148,,87462,,,-0.3659445643424988
148,,87462,-0.44186630845069885,,
,0.0005,87463,,,
149,,87499,,-0.3904273808002472,
149,,87549,,-0.4658847153186798,
149,,87599,,-0.4492310583591461,
149,,87649,,-0.4703763723373413,
149,,87699,,-0.4353683888912201,
149,,87749,,-0.3682970702648163,
149,,87799,,-0.4539364278316498,
149,,87849,,-0.36314183473587036,
149,,87899,,-0.38024255633354187,
149,,87949,,-0.3473290503025055,
149,,87999,,-0.42085006833076477,
149,,88049,,-0.4456492066383362,
149,,88049,,,-0.05492529273033142
149,,88049,-0.4362359046936035,,
,0.0005,88050,,,
150,,88099,,-0.416140615940094,
150,,88149,,-0.4608316421508789,
150,,88199,,-0.5560072064399719,
150,,88249,,-0.42598938941955566,
150,,88299,,-0.454532653093338,
150,,88349,,-0.4812057614326477,
150,,88399,,-0.5256055593490601,
150,,88449,,-0.46053412556648254,
150,,88499,,-0.4519198536872864,
150,,88549,,-0.28474903106689453,
150,,88599,,-0.5063738822937012,
150,,88636,,,-0.01790715754032135
150,,88636,-0.4311287999153137,,
,0.0005,88637,,,
151,,88649,,-0.5374526977539062,
151,,88699,,-0.4411478638648987,
151,,88749,,-0.45539578795433044,
151,,88799,,-0.17567861080169678,
151,,88849,,-0.4286311864852905,
151,,88899,,-0.4629181921482086,
151,,88949,,-0.5392464399337769,
151,,88999,,-0.43333354592323303,
151,,89049,,-0.44525381922721863,
151,,89099,,-0.46096959710121155,
151,,89149,,-0.46285226941108704,
151,,89199,,-0.4532141089439392,
151,,89223,,,-0.3900628983974457
151,,89223,-0.4322573244571686,,
,0.0005,89224,,,
152,,89249,,-0.43012741208076477,
152,,89299,,-0.5454656481742859,
152,,89349,,-0.46297532320022583,
152,,89399,,-0.49008429050445557,
152,,89449,,-0.4076043665409088,
152,,89499,,-0.5143500566482544,
152,,89549,,-0.42764925956726074,
152,,89599,,-0.4605771005153656,
152,,89649,,-0.5325440764427185,
152,,89699,,-0.4385814070701599,
152,,89749,,-0.4368937611579895,
152,,89799,,-0.4878883361816406,
152,,89810,,,0.1338515430688858
152,,89810,-0.44443264603614807,,
,0.0005,89811,,,
153,,89849,,-0.3517073094844818,
153,,89899,,-0.49042367935180664,
153,,89949,,-0.475606769323349,
153,,89999,,-0.3996356725692749,
153,,90049,,-0.45835304260253906,
153,,90099,,-0.4623659551143646,
153,,90149,,-0.462947815656662,
153,,90199,,-0.2884761393070221,
153,,90249,,-0.5087167620658875,
153,,90299,,-0.532696008682251,
153,,90349,,-0.16828835010528564,
153,,90397,,,-0.15163423120975494
153,,90397,-0.4060313403606415,,
,0.0005,90398,,,
154,,90399,,-0.4416337311267853,
154,,90449,,-0.4528553783893585,
154,,90499,,-0.5315490961074829,
154,,90549,,-0.519910991191864,
154,,90599,,-0.39400872588157654,
154,,90649,,-0.5089893937110901,
154,,90699,,-0.3925599753856659,
154,,90749,,-0.3771068751811981,
154,,90799,,-0.4304201304912567,
154,,90849,,-0.529149055480957,
154,,90899,,-0.4457402527332306,
154,,90949,,-0.4494859278202057,
154,,90984,,,-0.16774065792560577
154,,90984,-0.43621957302093506,,
,0.0005,90985,,,
155,,90999,,-0.35750478506088257,
155,,91049,,-0.44694602489471436,
155,,91099,,-0.5052747130393982,
155,,91149,,-0.4210347831249237,
155,,91199,,-0.4956021308898926,
155,,91249,,-0.3868989050388336,
155,,91299,,-0.4544301927089691,
155,,91349,,-0.514382541179657,
155,,91399,,-0.4602869153022766,
155,,91449,,-0.46070724725723267,
155,,91499,,-0.4726451635360718,
155,,91549,,-0.3411775529384613,
155,,91571,,,-0.34351205825805664
155,,91571,-0.4410192370414734,,
,0.0005,91572,,,
156,,91599,,-0.49168580770492554,
156,,91649,,-0.4620254635810852,
156,,91699,,-0.4532862603664398,
156,,91749,,-0.5790667533874512,
156,,91799,,-0.35840681195259094,
156,,91849,,-0.48632824420928955,
156,,91899,,-0.46620556712150574,
156,,91949,,-0.4261329174041748,
156,,91999,,-0.40106701850891113,
156,,92049,,-0.38668960332870483,
156,,92099,,-0.4737568497657776,
156,,92149,,-0.3331053555011749,
156,,92158,,,-0.39109933376312256
156,,92158,-0.4573882520198822,,
,0.0005,92159,,,
157,,92199,,-0.5044524073600769,
157,,92249,,-0.47905588150024414,
157,,92299,,-0.37045225501060486,
157,,92349,,-0.4497252106666565,
157,,92399,,-0.5627211928367615,
157,,92449,,-0.5351648330688477,
157,,92499,,-0.4172459840774536,
157,,92549,,-0.5697678327560425,
157,,92599,,-0.41262000799179077,
157,,92649,,-0.4242589771747589,
157,,92699,,-0.4756968915462494,
157,,92745,,,-0.3422766327857971
157,,92745,-0.4490329921245575,,
,0.0005,92746,,,
158,,92749,,-0.5633127093315125,
158,,92799,,-0.4645980894565582,
158,,92849,,-0.4965263605117798,
158,,92899,,-0.5233480930328369,
158,,92949,,-0.488859623670578,
158,,92999,,-0.48715129494667053,
158,,93049,,-0.4403066635131836,
158,,93099,,-0.4553777277469635,
158,,93149,,-0.4486846625804901,
158,,93199,,-0.5427359342575073,
158,,93249,,-0.38056042790412903,
158,,93299,,-0.1861775815486908,
158,,93332,,,-0.20341253280639648
158,,93332,-0.4352934956550598,,
,0.0005,93333,,,
159,,93349,,-0.4680764973163605,
159,,93399,,-0.4173092544078827,
159,,93449,,-0.3555450141429901,
159,,93499,,-0.46286317706108093,
159,,93549,,-0.41448116302490234,
159,,93599,,-0.45126715302467346,
159,,93649,,-0.523045539855957,
159,,93699,,-0.43653902411460876,
159,,93749,,-0.6382059454917908,
159,,93799,,-0.3917728364467621,
159,,93849,,-0.4445585608482361,
159,,93899,,-0.46108394861221313,
159,,93919,,,-0.08866428583860397
159,,93919,-0.44544270634651184,,
,0.0005,93920,,,
160,,93949,,-0.4745143949985504,
160,,93999,,-0.5402933955192566,
160,,94049,,-0.226750448346138,
160,,94099,,-0.46761438250541687,
160,,94149,,-0.5543318390846252,
160,,94199,,-0.29489514231681824,
160,,94249,,-0.4922044277191162,
160,,94299,,-0.496283620595932,
160,,94349,,-0.49312469363212585,
160,,94399,,-0.5290617942810059,
160,,94449,,-0.3851644992828369,
160,,94499,,-0.34325334429740906,
160,,94506,,,-0.020717009902000427
160,,94506,-0.4492078423500061,,
,0.0005,94507,,,
161,,94549,,-0.5562135577201843,
161,,94599,,-0.5116152763366699,
161,,94649,,-0.4957346022129059,
161,,94699,,-0.4882858991622925,
161,,94749,,-0.4772418439388275,
161,,94799,,-0.37115687131881714,
161,,94849,,-0.49651139974594116,
161,,94899,,-0.45359134674072266,
161,,94949,,-0.5510464310646057,
161,,94999,,-0.38894888758659363,
161,,95049,,-0.4956318736076355,
161,,95093,,,-0.2799900472164154
161,,95093,-0.46168696880340576,,
,0.0005,95094,,,
162,,95099,,-0.34796807169914246,
162,,95149,,-0.3883860111236572,
162,,95199,,-0.4265739321708679,
162,,95249,,-0.4370233714580536,
162,,95299,,-0.33319276571273804,
162,,95349,,-0.5104453563690186,
162,,95399,,-0.4947539269924164,
162,,95449,,-0.4675908088684082,
162,,95499,,-0.4708690941333771,
162,,95549,,-0.5028730034828186,
162,,95599,,-0.2396402359008789,
162,,95649,,-0.44287627935409546,
162,,95680,,,-0.1959141343832016
162,,95680,-0.4230017364025116,,
,0.0005,95681,,,
163,,95699,,-0.4691930115222931,
163,,95749,,-0.6011990904808044,
163,,95799,,-0.603806734085083,
163,,95849,,-0.37447866797447205,
163,,95899,,-0.4461217522621155,
163,,95949,,-0.5149741172790527,
163,,95999,,-0.5677048563957214,
163,,96049,,-0.4235565662384033,
163,,96099,,-0.42948707938194275,
163,,96149,,-0.5633338689804077,
163,,96199,,-0.5145441293716431,
163,,96249,,-0.4334716796875,
163,,96267,,,-0.20874392986297607
163,,96267,-0.46041831374168396,,
,0.0005,96268,,,
164,,96299,,-0.4697500169277191,
164,,96349,,-0.4670294523239136,
164,,96399,,-0.5787655115127563,
164,,96449,,-0.4353801906108856,
164,,96499,,-0.5633744597434998,
164,,96549,,-0.4595395624637604,
164,,96599,,-0.477899968624115,
164,,96649,,-0.443378210067749,
164,,96699,,-0.5655885338783264,
164,,96749,,-0.5035744309425354,
164,,96799,,-0.3360620439052582,
164,,96849,,-0.49132001399993896,
164,,96854,,,-0.23616601526737213
164,,96854,-0.4632297158241272,,
,0.0005,96855,,,
165,,96899,,-0.5466572046279907,
165,,96949,,-0.4531572461128235,
165,,96999,,-0.4820738434791565,
165,,97049,,-0.48849618434906006,
165,,97099,,-0.5068413019180298,
165,,97149,,-0.5387095808982849,
165,,97199,,-0.3831091523170471,
165,,97249,,-0.4331152141094208,
165,,97299,,-0.4185614287853241,
165,,97349,,-0.5616525411605835,
165,,97399,,-0.5018470883369446,
165,,97441,,,-0.2182161808013916
165,,97441,-0.4585631489753723,,
,0.0005,97442,,,
166,,97449,,-0.41453370451927185,
166,,97499,,-0.49448680877685547,
166,,97549,,-0.4384321868419647,
166,,97599,,-0.4234621524810791,
166,,97649,,-0.5702229142189026,
166,,97699,,-0.6007641553878784,
166,,97749,,-0.46929243206977844,
166,,97799,,-0.4439347982406616,
166,,97849,,-0.2840607166290283,
166,,97899,,-0.3666684329509735,
166,,97949,,-0.19353626668453217,
166,,97999,,-0.3848576843738556,
166,,98028,,,-0.04469255730509758
166,,98028,-0.4488988518714905,,
,0.0005,98029,,,
167,,98049,,-0.35600659251213074,
167,,98099,,-0.3875349164009094,
167,,98149,,-0.5125616192817688,
167,,98199,,-0.4373929798603058,
167,,98249,,-0.5882565379142761,
167,,98299,,-0.5409505367279053,
167,,98349,,-0.4764115512371063,
167,,98399,,-0.5160587430000305,
167,,98449,,-0.2944437265396118,
167,,98499,,-0.475269079208374,
167,,98549,,-0.5562556982040405,
167,,98599,,-0.5579187273979187,
167,,98615,,,-0.43035122752189636
167,,98615,-0.4666188061237335,,
,0.0005,98616,,,
168,,98649,,-0.399555504322052,
168,,98699,,-0.4245958924293518,
168,,98749,,-0.5222414135932922,
168,,98799,,-0.4372766613960266,
168,,98849,,-0.34127098321914673,
168,,98899,,-0.4771708548069,
168,,98949,,-0.5570542812347412,
168,,98999,,-0.5032641291618347,
168,,99049,,-0.46240606904029846,
168,,99099,,-0.5948217511177063,
168,,99149,,-0.37402355670928955,
168,,99199,,-0.43357548117637634,
168,,99202,,,-0.11239828169345856
168,,99202,-0.4592570662498474,,
,0.0005,99203,,,
169,,99249,,-0.38583624362945557,
169,,99299,,-0.35678499937057495,
169,,99349,,-0.3339434564113617,
169,,99399,,-0.46979960799217224,
169,,99449,,-0.38936108350753784,
169,,99499,,-0.4264540672302246,
169,,99549,,-0.48674607276916504,
169,,99599,,-0.36453917622566223,
169,,99649,,-0.3789759874343872,
169,,99699,,-0.5671888589859009,
169,,99749,,-0.36071816086769104,
169,,99789,,,-0.40494051575660706
169,,99789,-0.45716822147369385,,
,0.0005,99790,,,
170,,99799,,-0.44729483127593994,
170,,99849,,-0.47278541326522827,
170,,99899,,-0.46983522176742554,
170,,99949,,-0.46560150384902954,
170,,99999,,-0.5864476561546326,
170,,100049,,-0.5626814961433411,
170,,100099,,-0.5289978981018066,
170,,100149,,-0.5280072093009949,
170,,100199,,-0.49647989869117737,
170,,100249,,-0.3213441073894501,
170,,100299,,-0.31266775727272034,
170,,100349,,-0.5911418199539185,
170,,100376,,,-0.410519003868103
170,,100376,-0.4444679915904999,,
,0.0005,100377,,,
171,,100399,,-0.4964860677719116,
171,,100449,,-0.5419133901596069,
171,,100499,,-0.38214725255966187,
171,,100549,,-0.5775962471961975,
171,,100599,,-0.5294899940490723,
171,,100649,,-0.4303380846977234,
171,,100699,,-0.48314911127090454,
171,,100749,,-0.535386323928833,
171,,100799,,-0.47542649507522583,
171,,100849,,-0.5131637454032898,
171,,100899,,-0.4638192057609558,
171,,100949,,-0.449565052986145,
171,,100963,,,-0.3811574876308441
171,,100963,-0.45961111783981323,,
,0.0005,100964,,,
172,,100999,,-0.5186975002288818,
172,,101049,,-0.37595972418785095,
172,,101099,,-0.5042037963867188,
172,,101149,,-0.5147270560264587,
172,,101199,,-0.43486765027046204,
172,,101249,,-0.333591103553772,
172,,101299,,-0.5798998475074768,
172,,101349,,-0.5117680430412292,
172,,101399,,-0.5382964015007019,
172,,101449,,-0.5300456881523132,
172,,101499,,-0.5249651074409485,
172,,101549,,-0.4497717618942261,
172,,101550,,,-0.10228940099477768
172,,101550,-0.46158307790756226,,
,0.0005,101551,,,
173,,101599,,-0.5441523194313049,
173,,101649,,-0.4522141218185425,
173,,101699,,-0.40950706601142883,
173,,101749,,-0.43748795986175537,
173,,101799,,-0.5267886519432068,
173,,101849,,-0.47624748945236206,
173,,101899,,-0.4215843081474304,
173,,101949,,-0.45393866300582886,
173,,101999,,-0.5119935870170593,
173,,102049,,-0.48108571767807007,
173,,102099,,-0.5163633823394775,
173,,102137,,,-0.4604639708995819
173,,102137,-0.4787027835845947,,
,0.0005,102138,,,
174,,102149,,-0.6054793000221252,
174,,102199,,-0.41417941451072693,
174,,102249,,-0.5121386647224426,
174,,102299,,-0.4633170962333679,
174,,102349,,-0.44812214374542236,
174,,102399,,-0.5011071562767029,
174,,102449,,-0.5918689370155334,
174,,102499,,-0.31048518419265747,
174,,102549,,-0.47147679328918457,
174,,102599,,-0.48864349722862244,
174,,102649,,-0.4960196614265442,
174,,102699,,-0.5447381734848022,
174,,102724,,,-0.2310265302658081
174,,102724,-0.4744555950164795,,
,0.0005,102725,,,
175,,102749,,-0.5276553630828857,
175,,102799,,-0.4362892508506775,
175,,102849,,-0.5073198080062866,
175,,102899,,-0.5597267150878906,
175,,102949,,-0.57510906457901,
175,,102999,,-0.4221506416797638,
175,,103049,,-0.6360933184623718,
175,,103099,,-0.44915634393692017,
175,,103149,,-0.44437894225120544,
175,,103199,,-0.44526320695877075,
175,,103249,,-0.3819461166858673,
175,,103299,,-0.42383453249931335,
175,,103311,,,0.0017080472316592932
175,,103311,-0.45420143008232117,,
,0.0005,103312,,,
176,,103349,,-0.49866974353790283,
176,,103399,,-0.5275577306747437,
176,,103449,,-0.4665134847164154,
176,,103499,,-0.5341373682022095,
176,,103549,,-0.36565735936164856,
176,,103599,,-0.45840758085250854,
176,,103649,,-0.3438553810119629,
176,,103699,,-0.47481411695480347,
176,,103749,,-0.4935874044895172,
176,,103799,,-0.5167006850242615,
176,,103849,,-0.49705973267555237,
176,,103898,,,-0.18162328004837036
176,,103898,-0.4296291470527649,,
,0.0005,103899,,,
177,,103899,,-0.2441813349723816,
177,,103949,,-0.3949066698551178,
177,,103999,,-0.33906105160713196,
177,,104049,,-0.40158510208129883,
177,,104099,,-0.37695610523223877,
177,,104149,,-0.34091851115226746,
177,,104199,,-0.3170078992843628,
177,,104249,,-0.43096867203712463,
177,,104299,,-0.5029699206352234,
177,,104349,,-0.4643820822238922,
177,,104399,,-0.4591358006000519,
177,,104449,,-0.5085510611534119,
177,,104485,,,-0.2107577621936798
177,,104485,-0.42906299233436584,,
,0.0005,104486,,,
178,,104499,,-0.49640965461730957,
178,,104549,,-0.46064111590385437,
178,,104599,,-0.4464573860168457,
178,,104649,,-0.462295264005661,
178,,104699,,-0.5338080525398254,
178,,104749,,-0.42849743366241455,
178,,104799,,-0.4692670702934265,
178,,104849,,-0.32717365026474,
178,,104899,,-0.40280991792678833,
178,,104949,,-0.32128894329071045,
178,,104999,,-0.407751202583313,
178,,105049,,-0.5182693600654602,
178,,105072,,,-0.44051164388656616
178,,105072,-0.4394240081310272,,
,0.0005,105073,,,
179,,105099,,-0.5194928050041199,
179,,105149,,-0.48848140239715576,
179,,105199,,-0.5378469824790955,
179,,105249,,-0.5439678430557251,
179,,105299,,-0.5444710850715637,
179,,105349,,-0.5400233268737793,
179,,105399,,-0.532326877117157,
179,,105449,,-0.6127731204032898,
179,,105499,,-0.34349048137664795,
179,,105549,,-0.48103636503219604,
179,,105599,,-0.5082592368125916,
179,,105649,,-0.4617980420589447,
179,,105659,,,-0.3441653847694397
179,,105659,-0.47468701004981995,,
,0.0005,105660,,,
180,,105699,,-0.4606168866157532,
180,,105749,,-0.35922443866729736,
180,,105799,,-0.48482954502105713,
180,,105849,,-0.4350377917289734,
180,,105899,,-0.5415076017379761,
180,,105949,,-0.42641711235046387,
180,,105999,,-0.5276327133178711,
180,,106049,,-0.4655100107192993,
180,,106099,,-0.3782746493816376,
180,,106149,,-0.41941946744918823,
180,,106199,,-0.1597365140914917,
180,,106246,,,-0.17376482486724854
180,,106246,-0.46417495608329773,,
,0.0005,106247,,,
181,,106249,,-0.3613206148147583,
181,,106299,,-0.5610394477844238,
181,,106349,,-0.4429018497467041,
181,,106399,,-0.6047056913375854,
181,,106449,,-0.4294188320636749,
181,,106499,,-0.539265513420105,
181,,106549,,-0.3048330247402191,
181,,106599,,-0.5688013434410095,
181,,106649,,-0.5005193948745728,
181,,106699,,-0.4896153509616852,
181,,106749,,-0.402161180973053,
181,,106799,,-0.5039746165275574,
181,,106833,,,-0.24987027049064636
181,,106833,-0.4654577970504761,,
,0.0005,106834,,,
182,,106849,,-0.5128722786903381,
182,,106899,,-0.552266538143158,
182,,106949,,-0.3510003089904785,
182,,106999,,-0.43732041120529175,
182,,107049,,-0.623469352722168,
182,,107099,,-0.39666232466697693,
182,,107149,,-0.4099189043045044,
182,,107199,,-0.6035867929458618,
182,,107249,,-0.41447022557258606,
182,,107299,,-0.4294652044773102,
182,,107349,,-0.41698938608169556,
182,,107399,,-0.4528488218784332,
182,,107420,,,-0.2947940230369568
182,,107420,-0.4858473837375641,,
,0.0005,107421,,,
183,,107449,,-0.5331770181655884,
183,,107499,,-0.42436546087265015,
183,,107549,,-0.502748966217041,
183,,107599,,-0.49551159143447876,
183,,107649,,-0.5167773365974426,
183,,107699,,-0.4744933247566223,
183,,107749,,-0.3032112419605255,
183,,107799,,-0.3989046514034271,
183,,107849,,-0.44795921444892883,
183,,107899,,-0.5322122573852539,
183,,107949,,-0.5593008399009705,
183,,107999,,-0.5259819030761719,
183,,108007,,,-0.36931300163269043
183,,108007,-0.4650622308254242,,
,0.0005,108008,,,
184,,108049,,-0.4838430881500244,
184,,108099,,-0.3779211640357971,
184,,108149,,-0.5411244630813599,
184,,108199,,-0.3715457022190094,
184,,108249,,-0.3680817186832428,
184,,108299,,-0.48820698261260986,
184,,108349,,-0.5131319761276245,
184,,108399,,-0.43517059087753296,
184,,108449,,-0.54828280210495,
184,,108499,,-0.4539736211299896,
184,,108549,,-0.4744105339050293,
184,,108594,,,-0.25637364387512207
184,,108594,-0.48269811272621155,,
,0.0005,108595,,,
185,,108599,,-0.5460291504859924,
185,,108649,,-0.49912694096565247,
185,,108699,,-0.21084271371364594,
185,,108749,,-0.38919201493263245,
185,,108799,,-0.5000091195106506,
185,,108849,,-0.6338338851928711,
185,,108899,,-0.5291534066200256,
185,,108949,,-0.5021907687187195,
185,,108999,,-0.45055779814720154,
185,,109049,,-0.5349684953689575,
185,,109099,,-0.5424397587776184,
185,,109149,,-0.4513711631298065,
185,,109181,,,-0.2774830162525177
185,,109181,-0.46020442247390747,,
,0.0005,109182,,,
186,,109199,,-0.491983026266098,
186,,109249,,-0.6390970945358276,
186,,109299,,-0.5992938876152039,
186,,109349,,-0.4702513515949249,
186,,109399,,-0.6480832099914551,
186,,109449,,-0.5665392279624939,
186,,109499,,-0.45293766260147095,
186,,109549,,-0.4628012180328369,
186,,109599,,-0.45785796642303467,
186,,109649,,-0.5557131171226501,
186,,109699,,-0.5019424557685852,
186,,109749,,-0.44698384404182434,
186,,109768,,,-0.0025900935288518667
186,,109768,-0.47763895988464355,,
,0.0005,109769,,,
187,,109799,,-0.43197667598724365,
187,,109849,,-0.5108325481414795,
187,,109899,,-0.40439775586128235,
187,,109949,,-0.41924089193344116,
187,,109999,,-0.42708849906921387,
187,,110049,,-0.5656983852386475,
187,,110099,,-0.45891380310058594,
187,,110149,,-0.5045111179351807,
187,,110199,,-0.5425925254821777,
187,,110249,,-0.2962113916873932,
187,,110299,,-0.41714492440223694,
187,,110349,,-0.3752032220363617,
187,,110355,,,0.05431550368666649
187,,110355,-0.4826386272907257,,
,0.0005,110356,,,
188,,110399,,-0.6401688456535339,
188,,110449,,-0.604626476764679,
188,,110499,,-0.41516372561454773,
188,,110549,,-0.4472191631793976,
188,,110599,,-0.3664684295654297,
188,,110649,,-0.543503999710083,
188,,110699,,-0.3803328275680542,
188,,110749,,-0.44261884689331055,
188,,110799,,-0.5004547834396362,
188,,110849,,-0.5947582721710205,
188,,110899,,-0.5068925619125366,
188,,110942,,,-0.1978069394826889
188,,110942,-0.4757439196109772,,
,0.0005,110943,,,
189,,110949,,-0.5224390625953674,
189,,110999,,-0.5130130052566528,
189,,111049,,-0.6091484427452087,
189,,111099,,-0.4202120006084442,
189,,111149,,-0.5130712985992432,
189,,111199,,-0.49038073420524597,
189,,111249,,-0.4389021396636963,
189,,111299,,-0.5298965573310852,
189,,111349,,-0.5609049797058105,
189,,111399,,-0.5274659395217896,
189,,111449,,-0.5104213953018188,
189,,111499,,-0.5364009141921997,
189,,111529,,,-0.2580264210700989
189,,111529,-0.4845883548259735,,
,0.0005,111530,,,
190,,111549,,-0.4319485127925873,
190,,111599,,-0.48960819840431213,
190,,111649,,-0.39583665132522583,
190,,111699,,-0.5107883214950562,
190,,111749,,-0.5466450452804565,
190,,111799,,0.22958356142044067,
190,,111849,,-0.39247259497642517,
190,,111899,,-0.5118179321289062,
190,,111949,,-0.4891577363014221,
190,,111999,,-0.5059446096420288,
190,,112049,,-0.5266725420951843,
190,,112099,,-0.5865849256515503,
190,,112116,,,-0.1710340827703476
190,,112116,-0.446309357881546,,
,0.0005,112117,,,
191,,112149,,-0.4720732867717743,
191,,112199,,-0.5078416466712952,
191,,112249,,-0.5088378190994263,
191,,112299,,-0.5421244502067566,
191,,112349,,-0.34819793701171875,
191,,112399,,-0.5889712572097778,
191,,112449,,-0.5336766839027405,
191,,112499,,-0.40090513229370117,
191,,112549,,-0.49853190779685974,
191,,112599,,-0.46050307154655457,
191,,112649,,-0.4594959318637848,
191,,112699,,-0.5334752798080444,
191,,112703,,,-0.39867550134658813
191,,112703,-0.4740215837955475,,
,0.0005,112704,,,
192,,112749,,-0.40269336104393005,
192,,112799,,-0.570267379283905,
192,,112849,,-0.539411187171936,
192,,112899,,-0.4731752872467041,
192,,112949,,-0.5280778408050537,
192,,112999,,-0.46094006299972534,
192,,113049,,-0.5316647291183472,
192,,113099,,-0.6118378043174744,
192,,113149,,-0.4154304563999176,
192,,113199,,-0.4274825155735016,
192,,113249,,-0.5265252590179443,
192,,113290,,,-0.3703223168849945
192,,113290,-0.4947432279586792,,
,0.0005,113291,,,
193,,113299,,-0.5060041546821594,
193,,113349,,-0.4760562777519226,
193,,113399,,-0.4874451756477356,
193,,113449,,-0.5381742715835571,
193,,113499,,-0.3387767970561981,
193,,113549,,-0.6067401170730591,
193,,113599,,-0.5482837557792664,
193,,113649,,-0.46784543991088867,
193,,113699,,-0.5237271189689636,
193,,113749,,-0.5027599334716797,
193,,113799,,-0.5871931314468384,
193,,113849,,-0.5335376262664795,
193,,113877,,,-0.060813430696725845
193,,113877,-0.4942324757575989,,
,0.0005,113878,,,
194,,113899,,-0.5001075863838196,
194,,113949,,-0.5375544428825378,
194,,113999,,-0.39701926708221436,
194,,114049,,-0.1845172792673111,
194,,114099,,-0.43895816802978516,
194,,114149,,-0.5320022106170654,
194,,114199,,-0.5295379757881165,
194,,114249,,-0.4557735025882721,
194,,114299,,-0.5309447050094604,
194,,114349,,-0.6301551461219788,
194,,114399,,-0.3467455506324768,
194,,114449,,-0.4484362304210663,
194,,114464,,,0.04360919073224068
194,,114464,-0.49121740460395813,,
,0.0005,114465,,,
195,,114499,,-0.5322887897491455,
195,,114549,,-0.4769112169742584,
195,,114599,,-0.5079098343849182,
195,,114649,,-0.41955429315567017,
195,,114699,,-0.507893979549408,
195,,114749,,-0.42867419123649597,
195,,114799,,-0.5102149248123169,
195,,114849,,-0.5678296685218811,
195,,114899,,-0.3849334418773651,
195,,114949,,-0.42584386467933655,
195,,114999,,-0.4642959237098694,
195,,115049,,-0.5025902390480042,
195,,115051,,,-0.20307914912700653
195,,115051,-0.4952479302883148,,
,0.0005,115052,,,
196,,115099,,-0.45189860463142395,
196,,115149,,-0.4400271773338318,
196,,115199,,-0.4739726781845093,
196,,115249,,-0.409246563911438,
196,,115299,,-0.5324419736862183,
196,,115349,,-0.516978919506073,
196,,115399,,-0.5742703080177307,
196,,115449,,-0.5012916326522827,
196,,115499,,-0.32381442189216614,
196,,115549,,-0.5501266121864319,
196,,115599,,-0.6685433983802795,
196,,115638,,,-0.35657793283462524
196,,115638,-0.4895128309726715,,
,0.0005,115639,,,
197,,115649,,-0.5527260303497314,
197,,115699,,-0.5242579579353333,
197,,115749,,-0.6820595264434814,
197,,115799,,-0.4336189031600952,
197,,115849,,-0.5699883103370667,
197,,115899,,-0.4957733750343323,
197,,115949,,-0.533837616443634,
197,,115999,,-0.3319535255432129,
197,,116049,,-0.6513447165489197,
197,,116099,,-0.4072767496109009,
197,,116149,,-0.5657901763916016,
197,,116199,,-0.49345794320106506,
197,,116225,,,-0.2542267143726349
197,,116225,-0.4985978901386261,,
,0.0005,116226,,,
198,,116249,,-0.349603533744812,
198,,116299,,-0.5061724185943604,
198,,116349,,-0.548495352268219,
198,,116399,,-0.4597781300544739,
198,,116449,,-0.47899478673934937,
198,,116499,,-0.6196652054786682,
198,,116549,,-0.36896368861198425,
198,,116599,,-0.40470486879348755,
198,,116649,,-0.5406407117843628,
198,,116699,,-0.48191869258880615,
198,,116749,,-0.5898851752281189,
198,,116799,,-0.35210058093070984,
198,,116812,,,-0.353025883436203
198,,116812,-0.4821392297744751,,
,0.0005,116813,,,
199,,116849,,-0.5445351600646973,
199,,116899,,-0.39719700813293457,
199,,116949,,-0.5756978392601013,
199,,116999,,-0.5429431796073914,
199,,117049,,-0.4290224313735962,
199,,117099,,-0.5408777594566345,
199,,117149,,-0.56100994348526,
199,,117199,,-0.34454581141471863,
199,,117249,,-0.5368316173553467,
199,,117299,,-0.6201953291893005,
199,,117349,,-0.5548411011695862,
199,,117399,,-0.4429153800010681,
199,,117399,,,-0.2560410797595978
199,,117399,-0.4966770112514496,,
,0.0005,117400,,,
200,,117449,,-0.4836125671863556,
200,,117499,,-0.4033965766429901,
200,,117549,,-0.4313199520111084,
200,,117599,,-0.40441378951072693,
200,,117649,,-0.6148617267608643,
200,,117699,,-0.5399341583251953,
200,,117749,,-0.43846943974494934,
200,,117799,,-0.5177693963050842,
200,,117849,,-0.47268804907798767,
200,,117899,,-0.5016705393791199,
200,,117949,,-0.5562731027603149,
200,,117986,,,-0.44291359186172485
200,,117986,-0.49650752544403076,,
,0.0005,117987,,,
201,,117999,,-0.48521241545677185,
201,,118049,,-0.40458059310913086,
201,,118099,,-0.4550126791000366,
201,,118149,,-0.4835774600505829,
201,,118199,,-0.5396597385406494,
201,,118249,,-0.42240869998931885,
201,,118299,,-0.20006676018238068,
201,,118349,,-0.48047202825546265,
201,,118399,,-0.3590250611305237,
201,,118449,,-0.38017213344573975,
201,,118499,,-0.5200520157814026,
201,,118549,,-0.5040891170501709,
201,,118573,,,-0.2558125853538513
201,,118573,-0.49258530139923096,,
,0.0005,118574,,,
202,,118599,,-0.39400559663772583,
202,,118649,,-0.5283767580986023,
202,,118699,,-0.48911595344543457,
202,,118749,,-0.4870586395263672,
202,,118799,,-0.6427329778671265,
202,,118849,,-0.413404256105423,
202,,118899,,-0.5395694971084595,
202,,118949,,-0.482040673494339,
202,,118999,,-0.5561468005180359,
202,,119049,,-0.41555437445640564,
202,,119099,,-0.4986779987812042,
202,,119149,,-0.49930986762046814,
202,,119160,,,-0.40223783254623413
202,,119160,-0.49649590253829956,,
,0.0005,119161,,,
203,,119199,,-0.5315261483192444,
203,,119249,,-0.40420854091644287,
203,,119299,,-0.44345107674598694,
203,,119349,,-0.5429021716117859,
203,,119399,,-0.6444281339645386,
203,,119449,,-0.4135337471961975,
203,,119499,,-0.5414231419563293,
203,,119549,,-0.5342186093330383,
203,,119599,,-0.5226216912269592,
203,,119649,,-0.5444990396499634,
203,,119699,,-0.461929589509964,
203,,119747,,,-0.4299016296863556
203,,119747,-0.509898841381073,,
,0.0005,119748,,,
204,,119749,,-0.5584458112716675,
204,,119799,,-0.5261552333831787,
204,,119849,,-0.5399680733680725,
204,,119899,,-0.4853817820549011,
204,,119949,,-0.5688017010688782,
204,,119999,,-0.45901575684547424,
204,,120049,,-0.5272104144096375,
204,,120099,,-0.3597818613052368,
204,,120149,,-0.5021596550941467,
204,,120199,,-0.4319431185722351,
204,,120249,,-0.5657546520233154,
204,,120299,,-0.5013313293457031,
204,,120334,,,-0.4451018273830414
204,,120334,-0.49980485439300537,,
,0.0005,120335,,,
205,,120349,,-0.4812925159931183,
205,,120399,,-0.43029266595840454,
205,,120449,,-0.4678167402744293,
205,,120499,,-0.557470440864563,
205,,120549,,-0.5021475553512573,
205,,120599,,-0.4031710624694824,
205,,120649,,-0.45481905341148376,
205,,120699,,-0.49861887097358704,
205,,120749,,-0.5372031927108765,
205,,120799,,-0.5560606122016907,
205,,120849,,-0.4566953778266907,
205,,120899,,-0.444870263338089,
205,,120921,,,-0.41776177287101746
205,,120921,-0.5019449591636658,,
,0.0005,120922,,,
206,,120949,,-0.4946018159389496,
206,,120999,,-0.5439096093177795,
206,,121049,,-0.42785507440567017,
206,,121099,,-0.3863450288772583,
206,,121149,,-0.5546784996986389,
206,,121199,,-0.4921376705169678,
206,,121249,,-0.4451720416545868,
206,,121299,,-0.5114939212799072,
206,,121349,,-0.4778694212436676,
206,,121399,,-0.6049922704696655,
206,,121449,,-0.554730236530304,
206,,121499,,-0.3814335763454437,
206,,121508,,,-0.05771549046039581
206,,121508,-0.49983030557632446,,
,0.0005,121509,,,
207,,121549,,-0.5982732772827148,
207,,121599,,-0.3581278324127197,
207,,121649,,-0.5215023159980774,
207,,121699,,-0.4926263988018036,
207,,121749,,-0.5316704511642456,
207,,121799,,-0.6524659991264343,
207,,121849,,-0.4796796441078186,
207,,121899,,-0.479086697101593,
207,,121949,,-0.4039558172225952,
207,,121999,,-0.5558620691299438,
207,,122049,,-0.4678037166595459,
207,,122095,,,-0.12330888211727142
207,,122095,-0.4981937110424042,,
,0.0005,122096,,,
208,,122099,,-0.5190239548683167,
208,,122149,,-0.5128812193870544,
208,,122199,,-0.5932984948158264,
208,,122249,,-0.46169236302375793,
208,,122299,,-0.38260719180107117,
208,,122349,,-0.5806676745414734,
208,,122399,,-0.3016408383846283,
208,,122449,,-0.5935168266296387,
208,,122499,,-0.5102218985557556,
208,,122549,,-0.4917336106300354,
208,,122599,,-0.5474680662155151,
208,,122649,,-0.5377352833747864,
208,,122682,,,-0.06983081251382828
208,,122682,-0.49299079179763794,,
,0.0005,122683,,,
209,,122699,,-0.47288283705711365,
209,,122749,,-0.46501538157463074,
209,,122799,,-0.4736631214618683,
209,,122849,,-0.5142809748649597,
209,,122899,,-0.5952357053756714,
209,,122949,,-0.5972644686698914,
209,,122999,,-0.5660614967346191,
209,,123049,,-0.4364086985588074,
209,,123099,,-0.6615692377090454,
209,,123149,,-0.5087630748748779,
209,,123199,,-0.5997215509414673,
209,,123249,,-0.5594387054443359,
209,,123269,,,0.29104018211364746
209,,123269,-0.5075586438179016,,
,0.0005,123270,,,
210,,123299,,-0.46097394824028015,
210,,123349,,-0.46150466799736023,
210,,123399,,-0.4292065501213074,
210,,123449,,-0.45847058296203613,
210,,123499,,-0.45541930198669434,
210,,123549,,-0.5410503149032593,
210,,123599,,-0.3224639296531677,
210,,123649,,-0.462647020816803,
210,,123699,,-0.5229423642158508,
210,,123749,,-0.5200347900390625,
210,,123799,,-0.6180124282836914,
210,,123849,,-0.5427497029304504,
210,,123856,,,-0.19870784878730774
210,,123856,-0.48927974700927734,,
,0.0005,123857,,,
211,,123899,,-0.4485445022583008,
211,,123949,,-0.4533257484436035,
211,,123999,,-0.5284759402275085,
211,,124049,,-0.5661153197288513,
211,,124099,,-0.39571061730384827,
211,,124149,,-0.512337327003479,
211,,124199,,-0.4101029932498932,
211,,124249,,-0.657467782497406,
211,,124299,,-0.5987624526023865,
211,,124349,,-0.5465617179870605,
211,,124399,,-0.5258911848068237,
211,,124443,,,-0.004967539105564356
211,,124443,-0.4893629252910614,,
,0.0005,124444,,,
212,,124449,,-0.42930200695991516,
212,,124499,,-0.6754626631736755,
212,,124549,,-0.5339107513427734,
212,,124599,,-0.5264371037483215,
212,,124649,,-0.5746559500694275,
212,,124699,,-0.46768680214881897,
212,,124749,,-0.5927343964576721,
212,,124799,,-0.5697627663612366,
212,,124849,,-0.552635669708252,
212,,124899,,-0.47088006138801575,
212,,124949,,-0.5223338007926941,
212,,124999,,-0.41071972250938416,
212,,125030,,,0.11310267448425293
212,,125030,-0.5222600698471069,,
,0.0005,125031,,,
213,,125049,,-0.5961979031562805,
213,,125099,,-0.5398635864257812,
213,,125149,,-0.5224301815032959,
213,,125199,,-0.5158348083496094,
213,,125249,,-0.4509546160697937,
213,,125299,,-0.444805383682251,
213,,125349,,-0.6499418616294861,
213,,125399,,-0.5382269620895386,
213,,125449,,-0.49142327904701233,
213,,125499,,-0.4233158826828003,
213,,125549,,-0.46672680974006653,
213,,125599,,-0.5716636180877686,
213,,125617,,,-0.15643532574176788
213,,125617,-0.506875216960907,,
,0.0005,125618,,,
214,,125649,,-0.4805563986301422,
214,,125699,,-0.49019792675971985,
214,,125749,,-0.5545645952224731,
214,,125799,,-0.5923779606819153,
214,,125849,,-0.5392462015151978,
214,,125899,,-0.4037313163280487,
214,,125949,,-0.7038021087646484,
214,,125999,,-0.6016607284545898,
214,,126049,,-0.6683973670005798,
214,,126099,,-0.4860691726207733,
214,,126149,,-0.4655739665031433,
214,,126199,,-0.5861371755599976,
214,,126204,,,0.11845657229423523
214,,126204,-0.5240406394004822,,
,0.0005,126205,,,
215,,126249,,-0.5176411271095276,
215,,126299,,-0.5704184174537659,
215,,126349,,-0.5620241165161133,
215,,126399,,-0.35863959789276123,
215,,126449,,-0.5429887175559998,
215,,126499,,-0.4579189717769623,
215,,126549,,-0.45618581771850586,
215,,126599,,-0.22222816944122314,
215,,126649,,-0.3559410572052002,
215,,126699,,-0.44716110825538635,
215,,126749,,-0.5042204856872559,
215,,126791,,,-0.34557920694351196
215,,126791,-0.436273992061615,,
,0.0005,126792,,,
216,,126799,,-0.4476361870765686,
216,,126849,,-0.5471159219741821,
216,,126899,,-0.5353419780731201,
216,,126949,,-0.503166913986206,
216,,126999,,-0.537683367729187,
216,,127049,,-0.5319610834121704,
216,,127099,,-0.38196563720703125,
216,,127149,,-0.6446617841720581,
216,,127199,,-0.44920551776885986,
216,,127249,,-0.3411146104335785,
216,,127299,,-0.5299268960952759,
216,,127349,,-0.4690430462360382,
216,,127378,,,0.08229890465736389
216,,127378,-0.5085916519165039,,
,0.0005,127379,,,
217,,127399,,-0.43995675444602966,
217,,127449,,-0.58152836561203,
217,,127499,,-0.4237324297428131,
217,,127549,,-0.5496619939804077,
217,,127599,,-0.443035751581192,
217,,127649,,-0.5848533511161804,
217,,127699,,-0.5338101983070374,
217,,127749,,-0.502760112285614,
217,,127799,,-0.5838244557380676,
217,,127849,,-0.5694934129714966,
217,,127899,,-0.4974420964717865,
217,,127949,,-0.5295498967170715,
217,,127965,,,-0.09050846844911575
217,,127965,-0.51570063829422,,
,0.0005,127966,,,
218,,127999,,-0.3671948313713074,
218,,128049,,-0.4028487801551819,
218,,128099,,-0.49979186058044434,
218,,128149,,-0.4384631812572479,
218,,128199,,-0.5601111650466919,
218,,128249,,-0.5586931705474854,
218,,128299,,-0.4759504497051239,
218,,128349,,-0.4887339174747467,
218,,128399,,-0.540878415107727,
218,,128449,,-0.4588243365287781,
218,,128499,,-0.4602911174297333,
218,,128549,,-0.5100359916687012,
218,,128552,,,-0.36626529693603516
218,,128552,-0.5227441787719727,,
,0.0005,128553,,,
219,,128599,,-0.4343654215335846,
219,,128649,,-0.46299082040786743,
219,,128699,,-0.5651742815971375,
219,,128749,,-0.4474065601825714,
219,,128799,,-0.6247050166130066,
219,,128849,,-0.44838184118270874,
219,,128899,,-0.5080540180206299,
219,,128949,,-0.5453197360038757,
219,,128999,,-0.4744631052017212,
219,,129049,,-0.4784126877784729,
219,,129099,,-0.48781415820121765,
219,,129139,,,-0.13283348083496094
219,,129139,-0.5225111246109009,,
,0.0005,129140,,,
220,,129149,,-0.592659056186676,
220,,129199,,-0.528087854385376,
220,,129249,,-0.5414034128189087,
220,,129299,,-0.4348141551017761,
220,,129349,,-0.40215063095092773,
220,,129399,,-0.5445648431777954,
220,,129449,,-0.642903208732605,
220,,129499,,-0.48073717951774597,
220,,129549,,-0.5251672863960266,
220,,129599,,-0.48002704977989197,
220,,129649,,-0.45605236291885376,
220,,129699,,-0.4621070325374603,
220,,129726,,,-0.3654724359512329
220,,129726,-0.5249918103218079,,
,0.0005,129727,,,
221,,129749,,-0.6045942902565002,
221,,129799,,-0.6254903674125671,
221,,129849,,-0.58418869972229,
221,,129899,,-0.7155817747116089,
221,,129949,,-0.6870692372322083,
221,,129999,,-0.42838332056999207,
221,,130049,,-0.5552634000778198,
221,,130099,,-0.45884111523628235,
221,,130149,,-0.416390597820282,
221,,130199,,-0.4890751838684082,
221,,130249,,-0.5827043652534485,
221,,130299,,-0.5072632431983948,
221,,130313,,,-0.502022385597229
221,,130313,-0.5038166642189026,,
,0.0005,130314,,,
222,,130349,,-0.6369901299476624,
222,,130399,,-0.5458681583404541,
222,,130449,,-0.5523369312286377,
222,,130499,,-0.5811507105827332,
222,,130549,,-0.5328940749168396,
222,,130599,,-0.5124027729034424,
222,,130649,,-0.4426133334636688,
222,,130699,,-0.39675837755203247,
222,,130749,,-0.4143688678741455,
222,,130799,,-0.5154531002044678,
222,,130849,,-0.5071709156036377,
222,,130899,,-0.5496019124984741,
222,,130900,,,-0.46951696276664734
222,,130900,-0.5224446654319763,,
,0.0005,130901,,,
223,,130949,,-0.4916784167289734,
223,,130999,,-0.5741409063339233,
223,,131049,,-0.4681401550769806,
223,,131099,,-0.4246511161327362,
223,,131149,,-0.5287998914718628,
223,,131199,,-0.42918336391448975,
223,,131249,,-0.5448342561721802,
223,,131299,,-0.5260152816772461,
223,,131349,,-0.5663430094718933,
223,,131399,,-0.4922434687614441,
223,,131449,,-0.5325500965118408,
223,,131487,,,-0.016275161877274513
223,,131487,-0.5153890252113342,,
,0.0005,131488,,,
224,,131499,,-0.5465897917747498,
224,,131549,,-0.49065905809402466,
224,,131599,,-0.49472248554229736,
224,,131649,,-0.5018059611320496,
224,,131699,,-0.5628905892372131,
224,,131749,,-0.6235366463661194,
224,,131799,,-0.5385099053382874,
224,,131849,,-0.4784272611141205,
224,,131899,,-0.3962210416793823,
224,,131949,,-0.5374253988265991,
224,,131999,,-0.6320205330848694,
224,,132049,,-0.5086675882339478,
224,,132074,,,-0.2824253737926483
224,,132074,-0.5129237771034241,,
,0.0005,132075,,,
225,,132099,,-0.5533352494239807,
225,,132149,,-0.5448819398880005,
225,,132199,,-0.44952192902565,
225,,132249,,-0.45994138717651367,
225,,132299,,-0.5543510317802429,
225,,132349,,-0.5210331082344055,
225,,132399,,-0.44565349817276,
225,,132449,,-0.4709485173225403,
225,,132499,,-0.6320889592170715,
225,,132549,,-0.426049143075943,
225,,132599,,-0.4413411021232605,
225,,132649,,-0.4319595992565155,
225,,132661,,,-0.38213855028152466
225,,132661,-0.5193144679069519,,
,0.0005,132662,,,
226,,132699,,-0.512880265712738,
226,,132749,,-0.4603103697299957,
226,,132799,,-0.647656261920929,
226,,132849,,-0.5052462816238403,
226,,132899,,-0.6480150818824768,
226,,132949,,-0.5820772051811218,
226,,132999,,-0.7040091156959534,
226,,133049,,-0.3894408345222473,
226,,133099,,-0.41772887110710144,
226,,133149,,-0.642541229724884,
226,,133199,,-0.5751842856407166,
226,,133248,,,-0.31040844321250916
226,,133248,-0.5393623113632202,,
,0.0005,133249,,,
227,,133249,,-0.5985251665115356,
227,,133299,,-0.5354496836662292,
227,,133349,,-0.5493929982185364,
227,,133399,,-0.4057122468948364,
227,,133449,,-0.6500224471092224,
227,,133499,,-0.47517314553260803,
227,,133549,,-0.5682756900787354,
227,,133599,,-0.6415429711341858,
227,,133649,,-0.4785231649875641,
227,,133699,,-0.5825978517532349,
227,,133749,,-0.43607205152511597,
227,,133799,,-0.5024772882461548,
227,,133835,,,-0.2275327444076538
227,,133835,-0.531558632850647,,
,0.0005,133836,,,
228,,133849,,-0.5099912881851196,
228,,133899,,-0.4836500883102417,
228,,133949,,-0.6677035689353943,
228,,133999,,-0.46603935956954956,
228,,134049,,-0.5648635029792786,
228,,134099,,-0.5413297414779663,
228,,134149,,-0.458188533782959,
228,,134199,,-0.5614583492279053,
228,,134249,,-0.5819995403289795,
228,,134299,,-0.5919305086135864,
228,,134349,,-0.28289008140563965,
228,,134399,,-0.518710196018219,
228,,134422,,,-0.39758729934692383
228,,134422,-0.5205568671226501,,
,0.0005,134423,,,
229,,134449,,-0.4901619851589203,
229,,134499,,-0.6024293303489685,
229,,134549,,-0.5943984985351562,
229,,134599,,-0.46448805928230286,
229,,134649,,-0.5973127484321594,
229,,134699,,-0.477392315864563,
229,,134749,,-0.5719085931777954,
229,,134799,,-0.5620615482330322,
229,,134849,,-0.5492306351661682,
229,,134899,,-0.556194007396698,
229,,134949,,-0.5726435780525208,
229,,134999,,-0.5037722587585449,
229,,135009,,,-0.07475494593381882
229,,135009,-0.5332501530647278,,
,0.0005,135010,,,
230,,135049,,-0.5128384232521057,
230,,135099,,-0.5151187777519226,
230,,135149,,-0.3796086311340332,
230,,135199,,-0.4138362407684326,
230,,135249,,-0.47584831714630127,
230,,135299,,-0.5797399878501892,
230,,135349,,-0.582699179649353,
230,,135399,,-0.6762290000915527,
230,,135449,,-0.6089417338371277,
230,,135499,,-0.5223674774169922,
230,,135549,,-0.40590178966522217,
230,,135596,,,-0.17054733633995056
230,,135596,-0.5219362378120422,,
,0.0005,135597,,,
231,,135599,,-0.45941033959388733,
231,,135649,,-0.5927916169166565,
231,,135699,,-0.7064465880393982,
231,,135749,,-0.4526189863681793,
231,,135799,,-0.5889106392860413,
231,,135849,,-0.6717255115509033,
231,,135899,,-0.5205559134483337,
231,,135949,,-0.45794597268104553,
231,,135999,,-0.38857027888298035,
231,,136049,,-0.48718827962875366,
231,,136099,,-0.5409808158874512,
231,,136149,,-0.559255063533783,
231,,136183,,,-0.2167530506849289
231,,136183,-0.5404844880104065,,
,0.0005,136184,,,
232,,136199,,-0.5872198939323425,
232,,136249,,-0.5288819074630737,
232,,136299,,-0.5407344698905945,
232,,136349,,-0.2096618413925171,
232,,136399,,-0.42553338408470154,
232,,136449,,-0.6396663784980774,
232,,136499,,-0.47002866864204407,
232,,136549,,-0.47572845220565796,
232,,136599,,-0.534997820854187,
232,,136649,,-0.3924315571784973,
232,,136699,,-0.49232345819473267,
232,,136749,,-0.5962685346603394,
232,,136770,,,-0.3180646300315857
232,,136770,-0.5051340460777283,,
,0.0005,136771,,,
233,,136799,,-0.5358310341835022,
233,,136849,,-0.44789019227027893,
233,,136899,,-0.5306580662727356,
233,,136949,,-0.5023108124732971,
233,,136999,,-0.6023076176643372,
233,,137049,,-0.6143912672996521,
233,,137099,,-0.6170108318328857,
233,,137149,,-0.5873875617980957,
233,,137199,,-0.5649280548095703,
233,,137249,,-0.502817690372467,
233,,137299,,-0.42765185236930847,
233,,137349,,-0.5094320774078369,
233,,137357,,,-0.3727608025074005
233,,137357,-0.5342140793800354,,
,0.0005,137358,,,
234,,137399,,-0.5177546143531799,
234,,137449,,-0.5060591697692871,
234,,137499,,-0.5675846934318542,
234,,137549,,-0.43366265296936035,
234,,137599,,-0.6072693467140198,
234,,137649,,-0.562095582485199,
234,,137699,,-0.4005559980869293,
234,,137749,,-0.5400997400283813,
234,,137799,,-0.5263911485671997,
234,,137849,,-0.6153170466423035,
234,,137899,,-0.4162691831588745,
234,,137944,,,-0.505596399307251
234,,137944,-0.5305474400520325,,
,0.0005,137945,,,
235,,137949,,-0.42298272252082825,
235,,137999,,-0.5601809620857239,
235,,138049,,-0.5375565886497498,
235,,138099,,-0.4501207172870636,
235,,138149,,-0.4631621539592743,
235,,138199,,-0.6457339525222778,
235,,138249,,-0.46237239241600037,
235,,138299,,-0.6111388802528381,
235,,138349,,-0.5178847312927246,
235,,138399,,-0.5000684857368469,
235,,138449,,-0.5694838166236877,
235,,138499,,-0.5792796611785889,
235,,138531,,,-0.2214641124010086
235,,138531,-0.4985673427581787,,
,0.0005,138532,,,
236,,138549,,-0.6532250046730042,
236,,138599,,-0.44818106293678284,
236,,138649,,-0.6029368042945862,
236,,138699,,-0.5893470048904419,
236,,138749,,-0.6319950222969055,
236,,138799,,-0.49468758702278137,
236,,138849,,-0.4481552243232727,
236,,138899,,-0.6193576455116272,
236,,138949,,-0.6110395193099976,
236,,138999,,-0.5992841720581055,
236,,139049,,-0.7012848258018494,
236,,139099,,-0.5544971227645874,
236,,139118,,,-0.49166977405548096
236,,139118,-0.5301982164382935,,
,0.0005,139119,,,
237,,139149,,-0.4872106909751892,
237,,139199,,-0.6291184425354004,
237,,139249,,-0.48675039410591125,
237,,139299,,-0.4009472727775574,
237,,139349,,-0.5296424031257629,
237,,139399,,-0.6392058730125427,
237,,139449,,-0.5373537540435791,
237,,139499,,-0.44876307249069214,
237,,139549,,-0.5672223567962646,
237,,139599,,-0.45445629954338074,
237,,139649,,-0.578632652759552,
237,,139699,,-0.49131709337234497,
237,,139705,,,0.13392992317676544
237,,139705,-0.5371752381324768,,
,0.0005,139706,,,
238,,139749,,-0.5260236859321594,
238,,139799,,-0.5637537837028503,
238,,139849,,-0.4807790219783783,
238,,139899,,-0.5555654168128967,
238,,139949,,-0.2952233552932739,
238,,139999,,-0.5052335262298584,
238,,140049,,-0.3792599141597748,
238,,140099,,-0.5513299107551575,
238,,140149,,-0.5313702821731567,
238,,140199,,-0.6151673197746277,
238,,140249,,-0.5212887525558472,
238,,140292,,,-0.12057638168334961
238,,140292,-0.5290054678916931,,
,0.0005,140293,,,
239,,140299,,-0.5657745599746704,
239,,140349,,-0.39681169390678406,
239,,140399,,-0.6080560684204102,
239,,140449,,-0.4600467085838318,
239,,140499,,-0.4963565170764923,
239,,140549,,-0.5488287806510925,
239,,140599,,-0.477314829826355,
239,,140649,,-0.5556991100311279,
239,,140699,,-0.4805038273334503,
239,,140749,,-0.4900742173194885,
239,,140799,,-0.5567643046379089,
239,,140849,,-0.5200132131576538,
239,,140879,,,-0.4867446720600128
239,,140879,-0.5427438616752625,,
,0.0005,140880,,,
240,,140899,,-0.6148980855941772,
240,,140949,,-0.36531540751457214,
240,,140999,,-0.5170322060585022,
240,,141049,,-0.4490237236022949,
240,,141099,,-0.5682967901229858,
240,,141149,,-0.5785168409347534,
240,,141199,,-0.6131354570388794,
240,,141249,,-0.6424866914749146,
240,,141299,,-0.5628624558448792,
240,,141349,,-0.5233521461486816,
240,,141399,,-0.5504529476165771,
240,,141449,,-0.5090503692626953,
240,,141466,,,0.024578707292675972
240,,141466,-0.5204614400863647,,
,0.0005,141467,,,
241,,141499,,-0.47908076643943787,
241,,141549,,-0.587831974029541,
241,,141599,,-0.6223040223121643,
241,,141649,,-0.5934081673622131,
241,,141699,,-0.4205513596534729,
241,,141749,,-0.6264263391494751,
241,,141799,,-0.4666062593460083,
241,,141849,,-0.5052223205566406,
241,,141899,,-0.5757725238800049,
241,,141949,,-0.6624848246574402,
241,,141999,,-0.547921895980835,
241,,142049,,-0.4207212030887604,
241,,142053,,,-0.17416925728321075
241,,142053,-0.5495381355285645,,
,0.0005,142054,,,
242,,142099,,-0.429243266582489,
242,,142149,,-0.47887104749679565,
242,,142199,,-0.5544578433036804,
242,,142249,,-0.6795313358306885,
242,,142299,,-0.41894567012786865,
242,,142349,,-0.616227924823761,
242,,142399,,-0.6179936528205872,
242,,142449,,-0.503669798374176,
242,,142499,,-0.6118510365486145,
242,,142549,,-0.5608707666397095,
242,,142599,,-0.49875131249427795,
242,,142640,,,0.01485516782850027
242,,142640,-0.5494291186332703,,
,0.0005,142641,,,
243,,142649,,-0.5656605958938599,
243,,142699,,-0.6459748148918152,
243,,142749,,-0.6513984203338623,
243,,142799,,-0.6399940252304077,
243,,142849,,-0.5235900282859802,
243,,142899,,-0.4737294018268585,
243,,142949,,-0.5391237139701843,
243,,142999,,-0.5999783873558044,
243,,143049,,-0.5549275279045105,
243,,143099,,-0.6001743078231812,
243,,143149,,-0.342314213514328,
243,,143199,,-0.5900914669036865,
243,,143227,,,-0.4055967330932617
243,,143227,-0.5425602197647095,,
,0.0005,143228,,,
244,,143249,,-0.5566174983978271,
244,,143299,,-0.6933300495147705,
244,,143349,,-0.6305206418037415,
244,,143399,,-0.5441542267799377,
244,,143449,,-0.5513660907745361,
244,,143499,,-0.4395895302295685,
244,,143549,,-0.5781616568565369,
244,,143599,,-0.4898262023925781,
244,,143649,,0.04186205938458443,
244,,143699,,-0.4875408709049225,
244,,143749,,-0.5831606984138489,
244,,143799,,-0.49496161937713623,
244,,143814,,,-0.48879608511924744
244,,143814,-0.5096980929374695,,
,0.0005,143815,,,
245,,143849,,-0.4523789882659912,
245,,143899,,-0.7008599638938904,
245,,143949,,-0.5054879784584045,
245,,143999,,-0.5057270526885986,
245,,144049,,-0.528174102306366,
245,,144099,,-0.5917963981628418,
245,,144149,,-0.5076853632926941,
245,,144199,,-0.3755839467048645,
245,,144249,,-0.4268766939640045,
245,,144299,,-0.4521828293800354,
245,,144349,,-0.5364306569099426,
245,,144399,,-0.5813511610031128,
245,,144401,,,-0.47356218099594116
245,,144401,-0.5384788513183594,,
,0.0005,144402,,,
246,,144449,,-0.594137966632843,
246,,144499,,-0.38648924231529236,
246,,144549,,-0.5445598363876343,
246,,144599,,-0.6110132336616516,
246,,144649,,-0.4704694151878357,
246,,144699,,-0.5802363157272339,
246,,144749,,-0.5350518822669983,
246,,144799,,-0.6445379853248596,
246,,144849,,-0.579359769821167,
246,,144899,,-0.5895163416862488,
246,,144949,,-0.3572165369987488,
246,,144988,,,-0.4763683080673218
246,,144988,-0.5303979516029358,,
,0.0005,144989,,,
247,,144999,,-0.6462741494178772,
247,,145049,,-0.6886151432991028,
247,,145099,,-0.6476219892501831,
247,,145149,,-0.6900821924209595,
247,,145199,,-0.5747033953666687,
247,,145249,,-0.5117358565330505,
247,,145299,,-0.5211623907089233,
247,,145349,,-0.49435514211654663,
247,,145399,,-0.5529637336730957,
247,,145449,,-0.6286831498146057,
247,,145499,,-0.5950210094451904,
247,,145549,,-0.6419780850410461,
247,,145575,,,-0.38153383135795593
247,,145575,-0.5411988496780396,,
,0.0005,145576,,,
248,,145599,,-0.49151504039764404,
248,,145649,,-0.5906572937965393,
248,,145699,,-0.5035695433616638,
248,,145749,,-0.5384828448295593,
248,,145799,,-0.6358455419540405,
248,,145849,,-0.44567573070526123,
248,,145899,,-0.5363529920578003,
248,,145949,,-0.6814475655555725,
248,,145999,,-0.4089810252189636,
248,,146049,,-0.45153576135635376,
248,,146099,,-0.6390239000320435,
248,,146149,,-0.5481324791908264,
248,,146162,,,-0.03510729596018791
248,,146162,-0.5450083613395691,,
,0.0005,146163,,,
249,,146199,,-0.44881218671798706,
249,,146249,,-0.6569350361824036,
249,,146299,,-0.5321182012557983,
249,,146349,,-0.4313756227493286,
249,,146399,,-0.6798276305198669,
249,,146449,,-0.5609869956970215,
249,,146499,,-0.5628601908683777,
249,,146549,,-0.5801683068275452,
249,,146599,,-0.5029188990592957,
249,,146649,,-0.49986594915390015,
249,,146699,,-0.5239070653915405,
249,,146749,,-0.5235690474510193,
249,,146749,,,-0.4309914708137512
249,,146749,-0.5260596871376038,,
,0.0005,146750,,,
250,,146799,,-0.5400323271751404,
250,,146849,,-0.5149661898612976,
250,,146899,,-0.4977336525917053,
250,,146949,,-0.5766628980636597,
250,,146999,,-0.46822163462638855,
250,,147049,,-0.6146033406257629,
250,,147099,,-0.5262991189956665,
250,,147149,,-0.2692117691040039,
250,,147199,,-0.534843385219574,
250,,147249,,-0.5754663944244385,
250,,147299,,-0.5692315697669983,
250,,147336,,,0.07910354435443878
250,,147336,-0.513874888420105,,
,0.0005,147337,,,
251,,147349,,-0.5970885157585144,
251,,147399,,-0.6686736345291138,
251,,147449,,-0.5556132197380066,
251,,147499,,-0.596079409122467,
251,,147549,,-0.4598543047904968,
251,,147599,,-0.5697482228279114,
251,,147649,,-0.5562171936035156,
251,,147699,,-0.6084924936294556,
251,,147749,,-0.5803982615470886,
251,,147799,,-0.3322809040546417,
251,,147849,,-0.5355483889579773,
251,,147899,,-0.5243377089500427,
251,,147923,,,-0.2824225127696991
251,,147923,-0.5554255247116089,,
,0.0005,147924,,,
252,,147949,,-0.6061692237854004,
252,,147999,,-0.4230859875679016,
252,,148049,,-0.5386226177215576,
252,,148099,,-0.5934548377990723,
252,,148149,,-0.3640851378440857,
252,,148199,,-0.5764288902282715,
252,,148249,,-0.4034034013748169,
252,,148299,,-0.6587645411491394,
252,,148349,,-0.6872833967208862,
252,,148399,,-0.5312023758888245,
252,,148449,,-0.5291553735733032,
252,,148499,,-0.549353837966919,
252,,148510,,,-0.42904481291770935
252,,148510,-0.5515422821044922,,
,0.0005,148511,,,
253,,148549,,-0.4292343854904175,
253,,148599,,-0.49561095237731934,
253,,148649,,-0.5387434363365173,
253,,148699,,-0.6402348279953003,
253,,148749,,-0.5204669237136841,
253,,148799,,-0.5094138383865356,
253,,148849,,-0.6457359194755554,
253,,148899,,-0.6713845729827881,
253,,148949,,-0.6041258573532104,
253,,148999,,-0.5443819761276245,
253,,149049,,-0.6259974241256714,
253,,149097,,,0.01558623742312193
253,,149097,-0.5540536642074585,,
,0.0005,149098,,,
254,,149099,,-0.5314367413520813,
254,,149149,,-0.5781946182250977,
254,,149199,,-0.5713813304901123,
254,,149249,,-0.5092219710350037,
254,,149299,,-0.6496062874794006,
254,,149349,,-0.48364734649658203,
254,,149399,,-0.5366963744163513,
254,,149449,,-0.6655200719833374,
254,,149499,,-0.5960761308670044,
254,,149549,,-0.5659006237983704,
254,,149599,,-0.6190438270568848,
254,,149649,,-0.5490670204162598,
254,,149684,,,-0.4569690227508545
254,,149684,-0.5585832595825195,,
,0.0005,149685,,,
255,,149699,,-0.5495041608810425,
255,,149749,,-0.6003503799438477,
255,,149799,,-0.6101013422012329,
255,,149849,,-0.6451585292816162,
255,,149899,,-0.5100346207618713,
255,,149949,,-0.5983107686042786,
255,,149999,,-0.5801128149032593,
255,,150049,,-0.5990777611732483,
255,,150099,,-0.5527730584144592,
255,,150149,,-0.622404932975769,
255,,150199,,-0.419265478849411,
255,,150249,,-0.5955001711845398,
255,,150271,,,-0.24083738029003143
255,,150271,-0.5612363219261169,,
,0.0005,150272,,,
256,,150299,,-0.4857390224933624,
256,,150349,,-0.5351727604866028,
256,,150399,,-0.58502596616745,
256,,150449,,-0.5850618481636047,
256,,150499,,-0.5224596261978149,
256,,150549,,-0.5056089162826538,
256,,150599,,-0.5988843441009521,
256,,150649,,-0.20359773933887482,
256,,150699,,-0.4741612374782562,
256,,150749,,-0.47559601068496704,
256,,150799,,-0.570568859577179,
256,,150849,,-0.5808965563774109,
256,,150858,,,-0.5191509127616882
256,,150858,-0.5199078321456909,,
,0.0005,150859,,,
257,,150899,,-0.5482557415962219,
257,,150949,,-0.4679790437221527,
257,,150999,,-0.5458563566207886,
257,,151049,,-0.6859050393104553,
257,,151099,,-0.5849212408065796,
257,,151149,,-0.47609880566596985,
257,,151199,,-0.5625796318054199,
257,,151249,,-0.4941478371620178,
257,,151299,,-0.48310309648513794,
257,,151349,,-0.5544909238815308,
257,,151399,,-0.5093111991882324,
257,,151445,,,0.041795577853918076
257,,151445,-0.5605652332305908,,
,0.0005,151446,,,
258,,151449,,-0.5349971055984497,
258,,151499,,-0.4265012741088867,
258,,151549,,-0.6134171485900879,
258,,151599,,-0.7270570397377014,
258,,151649,,-0.581876277923584,
258,,151699,,-0.5087911486625671,
258,,151749,,-0.6157760620117188,
258,,151799,,-0.6209642291069031,
258,,151849,,-0.6252996921539307,
258,,151899,,-0.6107805967330933,
258,,151949,,-0.5427723526954651,
258,,151999,,-0.6538894772529602,
258,,152032,,,-0.23207585513591766
258,,152032,-0.5673166513442993,,
,0.0005,152033,,,
259,,152049,,-0.5736631155014038,
259,,152099,,-0.5474209189414978,
259,,152149,,-0.5774553418159485,
259,,152199,,-0.5742006897926331,
259,,152249,,-0.5785531401634216,
259,,152299,,-0.2570827901363373,
259,,152349,,-0.4245847165584564,
259,,152399,,-0.09070384502410889,
259,,152449,,-0.469941109418869,
259,,152499,,-0.466550350189209,
259,,152549,,-0.6055615544319153,
259,,152599,,-0.5357874631881714,
259,,152619,,,-0.4127362072467804
259,,152619,-0.48989903926849365,,
,0.0005,152620,,,
260,,152649,,-0.5561737418174744,
260,,152699,,-0.5220732688903809,
260,,152749,,-0.5567777752876282,
260,,152799,,-0.5623387098312378,
260,,152849,,-0.5073330402374268,
260,,152899,,-0.4583676755428314,
260,,152949,,-0.2501849830150604,
260,,152999,,-0.5861763954162598,
260,,153049,,-0.3794972598552704,
260,,153099,,-0.7079094648361206,
260,,153149,,-0.5546985864639282,
260,,153199,,-0.5264468193054199,
260,,153206,,,-0.41800716519355774
260,,153206,-0.5333237051963806,,
,0.0005,153207,,,
261,,153249,,-0.6267552375793457,
261,,153299,,-0.32365453243255615,
261,,153349,,-0.7380396723747253,
261,,153399,,-0.6273088455200195,
261,,153449,,-0.5851918458938599,
261,,153499,,-0.6044389009475708,
261,,153549,,-0.5446140766143799,
261,,153599,,-0.3987073004245758,
261,,153649,,-0.45908060669898987,
261,,153699,,-0.44340622425079346,
261,,153749,,-0.5219617486000061,
261,,153793,,,-0.3500710427761078
261,,153793,-0.5546672344207764,,
,0.0005,153794,,,
262,,153799,,-0.5658657550811768,
262,,153849,,-0.46390464901924133,
262,,153899,,-0.6205433011054993,
262,,153949,,-0.5974017977714539,
262,,153999,,-0.5092079043388367,
262,,154049,,-0.4848876893520355,
262,,154099,,-0.590788722038269,
262,,154149,,-0.5454206466674805,
262,,154199,,-0.624532163143158,
262,,154249,,-0.5934277772903442,
262,,154299,,-0.5210241079330444,
262,,154349,,-0.4998444616794586,
262,,154380,,,-0.3360797166824341
262,,154380,-0.5692304372787476,,
,0.0005,154381,,,
263,,154399,,-0.5773847103118896,
263,,154449,,-0.4679512679576874,
263,,154499,,-0.5965781211853027,
263,,154549,,-0.6165163516998291,
263,,154599,,-0.558867335319519,
263,,154649,,-0.37083423137664795,
263,,154699,,-0.5488448739051819,
263,,154749,,-0.5522918105125427,
263,,154799,,-0.6587845683097839,
263,,154849,,-0.5706647038459778,
263,,154899,,-0.5778807997703552,
263,,154949,,-0.5767906904220581,
263,,154967,,,-0.08457855135202408
263,,154967,-0.5428807735443115,,
,0.0005,154968,,,
264,,154999,,-0.5593448281288147,
264,,155049,,-0.6033706068992615,
264,,155099,,-0.5910958051681519,
264,,155149,,-0.5908125638961792,
264,,155199,,-0.5647051930427551,
264,,155249,,-0.7014895081520081,
264,,155299,,-0.6362802982330322,
264,,155349,,-0.6605918407440186,
264,,155399,,-0.6051378846168518,
264,,155449,,-0.5934650897979736,
264,,155499,,-0.6026337146759033,
264,,155549,,-0.595686674118042,
264,,155554,,,-0.4457162618637085
264,,155554,-0.568259060382843,,
,0.0005,155555,,,
265,,155599,,-0.5618696212768555,
265,,155649,,-0.5626384019851685,
265,,155699,,-0.5251895189285278,
265,,155749,,-0.5646448135375977,
265,,155799,,-0.7032852172851562,
265,,155849,,-0.6382761001586914,
265,,155899,,-0.5185039639472961,
265,,155949,,-0.5725787878036499,
265,,155999,,-0.5400301814079285,
265,,156049,,-0.6385165452957153,
265,,156099,,-0.5006380081176758,
265,,156141,,,-0.27740633487701416
265,,156141,-0.5710984468460083,,
,0.0005,156142,,,
266,,156149,,-0.6039780378341675,
266,,156199,,-0.5831732749938965,
266,,156249,,-0.49183389544487,
266,,156299,,-0.6665138602256775,
266,,156349,,-0.6257295608520508,
266,,156399,,-0.4436977505683899,
266,,156449,,-0.682611346244812,
266,,156499,,-0.49958914518356323,
266,,156549,,-0.6466386318206787,
266,,156599,,-0.5138432383537292,
266,,156649,,-0.668263852596283,
266,,156699,,-0.510617196559906,
266,,156728,,,-0.4399958848953247
266,,156728,-0.5576862692832947,,
,0.0005,156729,,,
267,,156749,,-0.516894519329071,
267,,156799,,-0.5813785791397095,
267,,156849,,-0.5706009268760681,
267,,156899,,-0.629277229309082,
267,,156949,,-0.5801000595092773,
267,,156999,,-0.4321467876434326,
267,,157049,,-0.6010542511940002,
267,,157099,,-0.6965052485466003,
267,,157149,,-0.6625757813453674,
267,,157199,,-0.40269869565963745,
267,,157249,,-0.5848162770271301,
267,,157299,,-0.67078697681427,
267,,157315,,,-0.3277151882648468
267,,157315,-0.5666893124580383,,
,0.0005,157316,,,
268,,157349,,-0.5531391501426697,
268,,157399,,-0.5297017693519592,
268,,157449,,-0.5251656770706177,
268,,157499,,-0.7422256469726562,
268,,157549,,-0.48305124044418335,
268,,157599,,-0.6294261813163757,
268,,157649,,-0.5024343729019165,
268,,157699,,-0.6197893619537354,
268,,157749,,-0.42407989501953125,
268,,157799,,-0.45591938495635986,
268,,157849,,-0.47223126888275146,
268,,157899,,-0.6146186590194702,
268,,157902,,,-0.20774200558662415
268,,157902,-0.5584831833839417,,
,0.0005,157903,,,
269,,157949,,-0.5514236688613892,
269,,157999,,-0.6591305136680603,
269,,158049,,-0.5268667340278625,
269,,158099,,-0.5821861624717712,
269,,158149,,-0.5288538932800293,
269,,158199,,-0.6521820425987244,
269,,158249,,-0.536781370639801,
269,,158299,,-0.5530358552932739,
269,,158349,,-0.4763146936893463,
269,,158399,,-0.5329033732414246,
269,,158449,,-0.5656977295875549,
269,,158489,,,-0.18234360218048096
269,,158489,-0.5825494527816772,,
,0.0005,158490,,,
270,,158499,,-0.5654361248016357,
270,,158549,,-0.6577603816986084,
270,,158599,,-0.7244333028793335,
270,,158649,,-0.6770618557929993,
270,,158699,,-0.4426508843898773,
270,,158749,,-0.4745253622531891,
270,,158799,,-0.14932027459144592,
270,,158849,,-0.4855327308177948,
270,,158899,,-0.4257141649723053,
270,,158949,,-0.6648744940757751,
270,,158999,,-0.5970141887664795,
270,,159049,,-0.5365683436393738,
270,,159076,,,-0.34859856963157654
270,,159076,-0.49079129099845886,,
,0.0005,159077,,,
271,,159099,,-0.5601512789726257,
271,,159149,,-0.6121382117271423,
271,,159199,,-0.6328162550926208,
271,,159249,,-0.6472223997116089,
271,,159299,,-0.649599552154541,
271,,159349,,-0.6179510354995728,
271,,159399,,-0.6071898341178894,
271,,159449,,-0.5266605019569397,
271,,159499,,-0.6094713807106018,
271,,159549,,-0.5310589075088501,
271,,159599,,-0.5941665768623352,
271,,159649,,-0.5876907706260681,
271,,159663,,,-0.5436131358146667
271,,159663,-0.5701846480369568,,
,0.0005,159664,,,
272,,159699,,-0.6251233816146851,
272,,159749,,-0.5154588222503662,
272,,159799,,-0.5030518174171448,
272,,159849,,-0.6225260496139526,
272,,159899,,-0.6030949950218201,
272,,159949,,-0.5115119814872742,
272,,159999,,-0.6449432969093323,
272,,160049,,-0.6528676748275757,
272,,160099,,-0.5080182552337646,
272,,160149,,-0.46219080686569214,
272,,160199,,-0.6527348756790161,
272,,160249,,-0.5341495275497437,
272,,160250,,,-0.2565220296382904
272,,160250,-0.5662587881088257,,
,0.0005,160251,,,
273,,160299,,-0.5314727425575256,
273,,160349,,-0.5992461442947388,
273,,160399,,-0.6281898021697998,
273,,160449,,-0.5825919508934021,
273,,160499,,-0.5724688768386841,
273,,160549,,-0.6533384323120117,
273,,160599,,-0.5029891729354858,
273,,160649,,-0.5862501859664917,
273,,160699,,-0.6346699595451355,
273,,160749,,-0.5867436528205872,
273,,160799,,-0.43410149216651917,
273,,160837,,,-0.4607997238636017
273,,160837,-0.56373131275177,,
,0.0005,160838,,,
274,,160849,,-0.6033605337142944,
274,,160899,,-0.4743231534957886,
274,,160949,,-0.5777477025985718,
274,,160999,,-0.5013026595115662,
274,,161049,,-0.6382259130477905,
274,,161099,,-0.6912631392478943,
274,,161149,,-0.5394769310951233,
274,,161199,,-0.5500396490097046,
274,,161249,,-0.6736035943031311,
274,,161299,,-0.58995121717453,
274,,161349,,-0.5002710223197937,
274,,161399,,-0.5162957310676575,
274,,161424,,,-0.576638400554657
274,,161424,-0.5784898400306702,,
,0.0005,161425,,,
275,,161449,,-0.5950915813446045,
275,,161499,,-0.6474616527557373,
275,,161549,,-0.605726957321167,
275,,161599,,-0.525783121585846,
275,,161649,,-0.6864309906959534,
275,,161699,,-0.6148961782455444,
275,,161749,,-0.6676596403121948,
275,,161799,,-0.4557006061077118,
275,,161849,,-0.4313303828239441,
275,,161899,,-0.6016090512275696,
275,,161949,,-0.5121564269065857,
275,,161999,,-0.7192553877830505,
275,,162011,,,-0.23500847816467285
275,,162011,-0.5684083104133606,,
,0.0005,162012,,,
276,,162049,,-0.5203384757041931,
276,,162099,,-0.6184082627296448,
276,,162149,,-0.5423211455345154,
276,,162199,,-0.6027915477752686,
276,,162249,,-0.52210932970047,
276,,162299,,-0.597118616104126,
276,,162349,,-0.565289318561554,
276,,162399,,-0.6240994930267334,
276,,162449,,-0.6004731059074402,
276,,162499,,-0.5748295187950134,
276,,162549,,-0.4996960163116455,
276,,162598,,,-0.07762511074542999
276,,162598,-0.5691810846328735,,
,0.0005,162599,,,
277,,162599,,-0.5056926608085632,
277,,162649,,-0.6709158420562744,
277,,162699,,-0.5314100384712219,
277,,162749,,-0.5680534243583679,
277,,162799,,-0.5090727210044861,
277,,162849,,-0.6144000291824341,
277,,162899,,-0.5654695630073547,
277,,162949,,-0.5310299396514893,
277,,162999,,-0.6063830256462097,
277,,163049,,-0.7144108414649963,
277,,163099,,-0.4242369830608368,
277,,163149,,-0.470355749130249,
277,,163185,,,0.18551096320152283
277,,163185,-0.542635440826416,,
,0.0005,163186,,,
278,,163199,,-0.25784528255462646,
278,,163249,,-0.5041601061820984,
278,,163299,,-0.5612200498580933,
278,,163349,,-0.7025752067565918,
278,,163399,,-0.5027797222137451,
278,,163449,,-0.6484767198562622,
278,,163499,,-0.6070759892463684,
278,,163549,,-0.6340464353561401,
278,,163599,,-0.5658244490623474,
278,,163649,,-0.6858834624290466,
278,,163699,,-0.38174936175346375,
278,,163749,,-0.6840685606002808,
278,,163772,,,-0.2827000021934509
278,,163772,-0.5558579564094543,,
,0.0005,163773,,,
279,,163799,,-0.654050350189209,
279,,163849,,-0.6728655099868774,
279,,163899,,-0.6083204746246338,
279,,163949,,-0.6138373613357544,
279,,163999,,-0.5652390718460083,
279,,164049,,-0.5159376263618469,
279,,164099,,-0.6815209984779358,
279,,164149,,-0.5088431239128113,
279,,164199,,-0.42597511410713196,
279,,164249,,-0.6534566283226013,
279,,164299,,-0.6350178718566895,
279,,164349,,-0.6511844396591187,
279,,164359,,,-0.19990839064121246
279,,164359,-0.5839570164680481,,
,0.0005,164360,,,
280,,164399,,-0.5965620279312134,
280,,164449,,-0.5930532217025757,
280,,164499,,-0.6056561470031738,
280,,164549,,-0.5337287783622742,
280,,164599,,-0.6614972352981567,
280,,164649,,-0.6367623805999756,
280,,164699,,-0.515775203704834,
280,,164749,,-0.6253868341445923,
280,,164799,,-0.6002820730209351,
280,,164849,,-0.5493882894515991,
280,,164899,,-0.6371117234230042,
280,,164946,,,0.2308180183172226
280,,164946,-0.5840974450111389,,
,0.0005,164947,,,
281,,164949,,-0.35008788108825684,
281,,164999,,-0.6033754348754883,
281,,165049,,-0.5950142741203308,
281,,165099,,-0.6927871108055115,
281,,165149,,-0.5411483645439148,
281,,165199,,-0.6036854982376099,
281,,165249,,-0.6993882656097412,
281,,165299,,-0.4578997492790222,
281,,165349,,-0.5521893501281738,
281,,165399,,-0.4735231399536133,
281,,165449,,-0.5510935187339783,
281,,165499,,-0.6625607013702393,
281,,165533,,,-0.369745135307312
281,,165533,-0.56792813539505,,
,0.0005,165534,,,
282,,165549,,-0.5372685194015503,
282,,165599,,-0.5132277607917786,
282,,165649,,-0.5806835889816284,
282,,165699,,-0.7419697642326355,
282,,165749,,-0.6342218518257141,
282,,165799,,-0.5400927662849426,
282,,165849,,-0.6617335081100464,
282,,165899,,-0.6617127656936646,
282,,165949,,-0.5801405906677246,
282,,165999,,-0.5743759870529175,
282,,166049,,-0.555098831653595,
282,,166099,,-0.6731022000312805,
282,,166120,,,-0.44509798288345337
282,,166120,-0.5756210088729858,,
,0.0005,166121,,,
283,,166149,,-0.4560254216194153,
283,,166199,,-0.5405503511428833,
283,,166249,,-0.6620813012123108,
283,,166299,,-0.6745989322662354,
283,,166349,,-0.4377233684062958,
283,,166399,,-0.4544670581817627,
283,,166449,,-0.6820653080940247,
283,,166499,,-0.6571312546730042,
283,,166549,,-0.5614625215530396,
283,,166599,,-0.6183307766914368,
283,,166649,,-0.49959155917167664,
283,,166699,,-0.3824366629123688,
283,,166707,,,-0.4708569347858429
283,,166707,-0.5787582397460938,,
,0.0005,166708,,,
284,,166749,,-0.7184585928916931,
284,,166799,,-0.5208879113197327,
284,,166849,,-0.573529839515686,
284,,166899,,-0.6356269717216492,
284,,166949,,-0.6899852752685547,
284,,166999,,-0.6715052127838135,
284,,167049,,-0.5495901107788086,
284,,167099,,-0.5486845374107361,
284,,167149,,-0.6798842549324036,
284,,167199,,-0.6469491720199585,
284,,167249,,-0.6518639922142029,
284,,167294,,,-0.33088400959968567
284,,167294,-0.5861355662345886,,
,0.0005,167295,,,
285,,167299,,-0.6523171067237854,
285,,167349,,-0.476310133934021,
285,,167399,,-0.5160555243492126,
285,,167449,,-0.5085017085075378,
285,,167499,,-0.7034881114959717,
285,,167549,,-0.553814172744751,
285,,167599,,-0.6172876358032227,
285,,167649,,-0.5597057938575745,
285,,167699,,-0.5263441205024719,
285,,167749,,-0.5490163564682007,
285,,167799,,-0.6554613709449768,
285,,167849,,-0.5590454339981079,
285,,167881,,,-0.32278862595558167
285,,167881,-0.5829793810844421,,
,0.0005,167882,,,
286,,167899,,-0.5904986262321472,
286,,167949,,-0.6316273808479309,
286,,167999,,-0.6138296723365784,
286,,168049,,-0.5345391035079956,
286,,168099,,-0.5407019257545471,
286,,168149,,-0.6089211106300354,
286,,168199,,-0.5622885227203369,
286,,168249,,-0.509833574295044,
286,,168299,,-0.43285176157951355,
286,,168349,,-0.6620594263076782,
286,,168399,,-0.6017220616340637,
286,,168449,,-0.05165370926260948,
286,,168468,,,-0.18715500831604004
286,,168468,-0.5364789962768555,,
,0.0005,168469,,,
287,,168499,,-0.3268089294433594,
287,,168549,,-0.5278366804122925,
287,,168599,,-0.6150607466697693,
287,,168649,,-0.4294127821922302,
287,,168699,,-0.4820639193058014,
287,,168749,,-0.5754437446594238,
287,,168799,,0.0431300587952137,
287,,168849,,-0.48693448305130005,
287,,168899,,-0.5802615284919739,
287,,168949,,-0.5092602968215942,
287,,168999,,0.05605444312095642,
287,,169049,,-0.6351884007453918,
287,,169055,,,-0.4946399927139282
287,,169055,-0.4412011504173279,,
,0.0005,169056,,,
288,,169099,,-0.5524260997772217,
288,,169149,,-0.5411092042922974,
288,,169199,,-0.5504615306854248,
288,,169249,,-0.5900455117225647,
288,,169299,,-0.4927580654621124,
288,,169349,,-0.46293196082115173,
288,,169399,,-0.5886993408203125,
288,,169449,,-0.635948896408081,
288,,169499,,-0.4225715100765228,
288,,169549,,-0.5196608304977417,
288,,169599,,-0.5729246735572815,
288,,169642,,,-0.45872998237609863
288,,169642,-0.4908915162086487,,
,0.0005,169643,,,
289,,169649,,-0.590233564376831,
289,,169699,,-0.5932490229606628,
289,,169749,,-0.594338595867157,
289,,169799,,-0.4690197706222534,
289,,169849,,-0.6027153134346008,
289,,169899,,-0.5424692034721375,
289,,169949,,-0.4685331881046295,
289,,169999,,-0.603418231010437,
289,,170049,,-0.6917790770530701,
289,,170099,,-0.5641135573387146,
289,,170149,,-0.5700303912162781,
289,,170199,,-0.39934393763542175,
289,,170229,,,-0.36952775716781616
289,,170229,-0.528332531452179,,
,0.0005,170230,,,
290,,170249,,-0.5196223855018616,
290,,170299,,-0.661605715751648,
290,,170349,,-0.589326798915863,
290,,170399,,-0.6705479621887207,
290,,170449,,-0.4731137752532959,
290,,170499,,-0.6666268706321716,
290,,170549,,-0.5665779113769531,
290,,170599,,-0.5817813873291016,
290,,170649,,-0.48503464460372925,
290,,170699,,-0.6415266394615173,
290,,170749,,-0.5609144568443298,
290,,170799,,-0.5611338019371033,
290,,170816,,,-0.165947824716568
290,,170816,-0.5756266713142395,,
,0.0005,170817,,,
291,,170849,,-0.6110712289810181,
291,,170899,,-0.5680971741676331,
291,,170949,,-0.41477397084236145,
291,,170999,,-0.46150994300842285,
291,,171049,,-0.5681892037391663,
291,,171099,,-0.4993721842765808,
291,,171149,,-0.5540672540664673,
291,,171199,,-0.6730087399482727,
291,,171249,,-0.5768415927886963,
291,,171299,,-0.6255500912666321,
291,,171349,,-0.5581649541854858,
291,,171399,,-0.5811871290206909,
291,,171403,,,-0.412223219871521
291,,171403,-0.5853797793388367,,
,0.0005,171404,,,
292,,171449,,-0.44824013113975525,
292,,171499,,-0.5458990335464478,
292,,171549,,-0.6109333634376526,
292,,171599,,-0.5306342840194702,
292,,171649,,-0.5741605162620544,
292,,171699,,-0.6044792532920837,
292,,171749,,-0.5658625960350037,
292,,171799,,-0.580206036567688,
292,,171849,,-0.5402135848999023,
292,,171899,,-0.4996144771575928,
292,,171949,,-0.6146721243858337,
292,,171990,,,-0.5571359395980835
292,,171990,-0.5578047633171082,,
,0.0005,171991,,,
293,,171999,,-0.6883540749549866,
293,,172049,,-0.7113088965415955,
293,,172099,,-0.588074266910553,
293,,172149,,-0.5858986973762512,
293,,172199,,-0.6631103754043579,
293,,172249,,-0.6538071036338806,
293,,172299,,-0.6110559105873108,
293,,172349,,-0.5674097537994385,
293,,172399,,-0.6184787750244141,
293,,172449,,-0.5779959559440613,
293,,172499,,-0.6060343980789185,
293,,172549,,-0.553169310092926,
293,,172577,,,-0.35341501235961914
293,,172577,-0.5720919370651245,,
,0.0005,172578,,,
294,,172599,,-0.5988438725471497,
294,,172649,,-0.5972962379455566,
294,,172699,,-0.5727009773254395,
294,,172749,,-0.6360114812850952,
294,,172799,,-0.6156103014945984,
294,,172849,,-0.5736739039421082,
294,,172899,,-0.596389889717102,
294,,172949,,-0.5172737240791321,
294,,172999,,-0.5945202112197876,
294,,173049,,-0.5595072507858276,
294,,173099,,-0.5691381096839905,
294,,173149,,-0.6503686308860779,
294,,173164,,,-0.5718590021133423
294,,173164,-0.5924662351608276,,
,0.0005,173165,,,
295,,173199,,-0.6198887228965759,
295,,173249,,-0.573308527469635,
295,,173299,,-0.5441769361495972,
295,,173349,,-0.5550012588500977,
295,,173399,,-0.6433045268058777,
295,,173449,,-0.49617844820022583,
295,,173499,,-0.673651397228241,
295,,173549,,-0.3576430082321167,
295,,173599,,-0.5929704904556274,
295,,173649,,-0.6237131357192993,
295,,173699,,-0.5684870481491089,
295,,173749,,-0.5250494480133057,
295,,173751,,,0.034469787031412125
295,,173751,-0.5712956786155701,,
,0.0005,173752,,,
296,,173799,,-0.579017698764801,
296,,173849,,-0.6534883379936218,
296,,173899,,-0.5994337797164917,
296,,173949,,-0.5231719613075256,
296,,173999,,-0.5587605834007263,
296,,174049,,-0.6403883099555969,
296,,174099,,-0.5961973071098328,
296,,174149,,-0.6795719861984253,
296,,174199,,-0.7114084959030151,
296,,174249,,-0.567484438419342,
296,,174299,,-0.5917762517929077,
296,,174338,,,-0.14855998754501343
296,,174338,-0.5956241488456726,,
,0.0005,174339,,,
297,,174349,,-0.5036689639091492,
297,,174399,,-0.6005792021751404,
297,,174449,,-0.6403272747993469,
297,,174499,,-0.5255586504936218,
297,,174549,,-0.6148056983947754,
297,,174599,,-0.6296026706695557,
297,,174649,,-0.5878055691719055,
297,,174699,,-0.6745003461837769,
297,,174749,,-0.6424093246459961,
297,,174799,,-0.6417197585105896,
297,,174849,,-0.5277835726737976,
297,,174899,,-0.6953632235527039,
297,,174925,,,-0.13861167430877686
297,,174925,-0.5961279273033142,,
,0.0005,174926,,,
298,,174949,,-0.6810123920440674,
298,,174999,,-0.5674538612365723,
298,,175049,,-0.623738169670105,
298,,175099,,-0.5518301129341125,
298,,175149,,-0.5403881072998047,
298,,175199,,-0.5905866622924805,
298,,175249,,-0.6025329232215881,
298,,175299,,-0.6814911961555481,
298,,175349,,-0.5558993220329285,
298,,175399,,-0.6131181716918945,
298,,175449,,-0.5621000528335571,
298,,175499,,-0.5467666983604431,
298,,175512,,,-0.21730296313762665
298,,175512,-0.6018714904785156,,
,0.0005,175513,,,
299,,175549,,-0.6193763613700867,
299,,175599,,-0.5535540580749512,
299,,175649,,-0.6355614066123962,
299,,175699,,-0.6196710467338562,
299,,175749,,-0.6570067405700684,
299,,175799,,-0.5071587562561035,
299,,175849,,-0.624323308467865,
299,,175899,,-0.5885357856750488,
299,,175949,,-0.6891192197799683,
299,,175999,,-0.42991238832473755,
299,,176049,,-0.5538195967674255,
299,,176099,,-0.292781263589859,
299,,176099,,,-0.11179282516241074
299,,176099,-0.5989965200424194,,
,0.0005,176100,,,
300,,176149,,-0.6193575859069824,
300,,176199,,-0.5443931818008423,
300,,176249,,-0.5859476923942566,
300,,176299,,-0.691050112247467,
300,,176349,,-0.562659740447998,
300,,176399,,-0.5608636736869812,
300,,176449,,-0.48527801036834717,
300,,176499,,-0.598679780960083,
300,,176549,,-0.6221470236778259,
300,,176599,,-0.5387945771217346,
300,,176649,,-0.6846803426742554,
300,,176686,,,-0.506182849407196
300,,176686,-0.5936801433563232,,
,0.0005,176687,,,
301,,176699,,-0.6138394474983215,
301,,176749,,-0.6136605143547058,
301,,176799,,-0.5961149334907532,
301,,176849,,-0.607724666595459,
301,,176899,,-0.588018000125885,
301,,176949,,-0.5957774519920349,
301,,176999,,-0.6821129322052002,
301,,177049,,-0.627104640007019,
301,,177099,,-0.571269154548645,
301,,177149,,-0.2227811962366104,
301,,177199,,-0.3614351749420166,
301,,177249,,-0.4542804956436157,
301,,177273,,,-0.4291243851184845
301,,177273,-0.5600633025169373,,
,0.0005,177274,,,
302,,177299,,-0.5993251800537109,
302,,177349,,-0.5277031064033508,
302,,177399,,-0.6931574940681458,
302,,177449,,-0.6079335808753967,
302,,177499,,-0.6525125503540039,
302,,177549,,-0.5605424046516418,
302,,177599,,-0.4805319309234619,
302,,177649,,-0.3897479772567749,
302,,177699,,-0.4885014593601227,
302,,177749,,-0.4327493906021118,
302,,177799,,-0.33370840549468994,
302,,177849,,-0.3735077977180481,
302,,177860,,,-0.3477582037448883
302,,177860,-0.45740199089050293,,
,0.0005,177861,,,
303,,177899,,-0.454286128282547,
303,,177949,,-0.5469099879264832,
303,,177999,,-0.35555094480514526,
303,,178049,,-0.38897135853767395,
303,,178099,,-0.45845845341682434,
303,,178149,,-0.6588058471679688,
303,,178199,,-0.49363991618156433,
303,,178249,,-0.4274250268936157,
303,,178299,,-0.38194066286087036,
303,,178349,,-0.2428004890680313,
303,,178399,,-0.5486243367195129,
303,,178447,,,0.01078865211457014
303,,178447,-0.44272640347480774,,
,0.0005,178448,,,
304,,178449,,-0.467468798160553,
304,,178499,,-0.5017257332801819,
304,,178549,,-0.3466055393218994,
304,,178599,,-0.518092155456543,
304,,178649,,-0.2884160876274109,
304,,178699,,-0.6135184168815613,
304,,178749,,-0.4169734716415405,
304,,178799,,-0.43809428811073303,
304,,178849,,-0.3802882134914398,
304,,178899,,-0.4837760031223297,
304,,178949,,-0.07365527749061584,
304,,178999,,-0.25275954604148865,
304,,179034,,,-0.15618479251861572
304,,179034,-0.41078248620033264,,
,0.0005,179035,,,
305,,179049,,-0.5338375568389893,
305,,179099,,-0.4075024724006653,
305,,179149,,-0.4208906292915344,
305,,179199,,-0.5884389281272888,
305,,179249,,-0.5785176753997803,
305,,179299,,-0.4186171889305115,
305,,179349,,-0.557765781879425,
305,,179399,,-0.6091899275779724,
305,,179449,,-0.4890131950378418,
305,,179499,,-0.0036196608562022448,
305,,179549,,-0.5253617763519287,
305,,179599,,-0.4324767291545868,
305,,179621,,,-0.4803571105003357
305,,179621,-0.5163223743438721,,
,0.0005,179622,,,
306,,179649,,-0.41405391693115234,
306,,179699,,-0.5200712084770203,
306,,179749,,-0.5329843759536743,
306,,179799,,-0.4415377676486969,
306,,179849,,-0.3791983425617218,
306,,179899,,-0.2699474096298218,
306,,179949,,-0.38449835777282715,
306,,179999,,-0.4435083866119385,
306,,180049,,-0.4700474441051483,
306,,180099,,-0.5415274500846863,
306,,180149,,-0.5656228065490723,
306,,180199,,-0.5271866917610168,
306,,180208,,,-0.3943403363227844
306,,180208,-0.4507080018520355,,
,0.0005,180209,,,
307,,180249,,-0.5247460007667542,
307,,180299,,-0.42024439573287964,
307,,180349,,-0.43735194206237793,
307,,180399,,-0.5014078617095947,
307,,180449,,-0.49471959471702576,
307,,180499,,-0.5629799962043762,
307,,180549,,-0.5253340601921082,
307,,180599,,-0.5532193779945374,
307,,180649,,-0.5518607497215271,
307,,180699,,-0.5274204611778259,
307,,180749,,-0.508860170841217,
307,,180795,,,-0.5032548904418945
307,,180795,-0.5128412246704102,,
,0.0005,180796,,,
308,,180799,,-0.6121537685394287,
308,,180849,,-0.594266414642334,
308,,180899,,-0.46940305829048157,
308,,180949,,-0.534683346748352,
308,,180999,,-0.5843343734741211,
308,,181049,,-0.5299420356750488,
308,,181099,,-0.4973596930503845,
308,,181149,,-0.46644365787506104,
308,,181199,,-0.6229308843612671,
308,,181249,,-0.6002431511878967,
308,,181299,,-0.5306825041770935,
308,,181349,,-0.5997004508972168,
308,,181382,,,-0.25151869654655457
308,,181382,-0.5149042010307312,,
,0.0005,181383,,,
309,,181399,,-0.6031199097633362,
309,,181449,,-0.5938360691070557,
309,,181499,,-0.4642871022224426,
309,,181549,,-0.4995156228542328,
309,,181599,,-0.3565094470977783,
309,,181649,,-0.5681508779525757,
309,,181699,,-0.5145888328552246,
309,,181749,,-0.5582981109619141,
309,,181799,,-0.47291168570518494,
309,,181849,,-0.5334686636924744,
309,,181899,,-0.5701528191566467,
309,,181949,,-0.6505633592605591,
309,,181969,,,-0.3734537363052368
309,,181969,-0.5303427577018738,,
,5e-05,181970,,,
310,,181999,,-0.5632944107055664,
310,,182049,,-0.5443313121795654,
310,,182099,,-0.7323272228240967,
310,,182149,,-0.6503602266311646,
310,,182199,,-0.663138747215271,
310,,182249,,-0.7303488254547119,
310,,182299,,-0.43436479568481445,
310,,182349,,-0.7459461092948914,
310,,182399,,-0.6062299609184265,
310,,182449,,-0.706932783126831,
310,,182499,,-0.6490992903709412,
310,,182549,,-0.5307006239891052,
310,,182556,,,-0.3635695278644562
310,,182556,-0.6280564069747925,,
,5e-05,182557,,,
311,,182599,,-0.7768949866294861,
311,,182649,,-0.476703017950058,
311,,182699,,-0.7478389143943787,
311,,182749,,-0.6658852696418762,
311,,182799,,-0.652694582939148,
311,,182849,,-0.604861855506897,
311,,182899,,-0.7080722451210022,
311,,182949,,-0.7270637154579163,
311,,182999,,-0.6477647423744202,
311,,183049,,-0.6340296268463135,
311,,183099,,-0.6490620970726013,
311,,183143,,,-0.4328247606754303
311,,183143,-0.6395561695098877,,
,5e-05,183144,,,
312,,183149,,-0.4826904833316803,
312,,183199,,-0.5536801218986511,
312,,183249,,-0.5900331735610962,
312,,183299,,-0.6013469696044922,
312,,183349,,-0.6218485236167908,
312,,183399,,-0.7762762308120728,
312,,183449,,-0.6585601568222046,
312,,183499,,-0.6889434456825256,
312,,183549,,-0.6340374946594238,
312,,183599,,-0.6806017756462097,
312,,183649,,-0.7362306714057922,
312,,183699,,-0.6999212503433228,
312,,183730,,,-0.3578556776046753
312,,183730,-0.6483418345451355,,
,5e-05,183731,,,
313,,183749,,-0.6662957072257996,
313,,183799,,-0.7525064945220947,
313,,183849,,-0.6117163896560669,
313,,183899,,-0.7277658581733704,
313,,183949,,-0.6797692179679871,
313,,183999,,-0.6378864645957947,
313,,184049,,-0.6660537123680115,
313,,184099,,-0.7094817757606506,
313,,184149,,-0.7399776577949524,
313,,184199,,-0.6195563673973083,
313,,184249,,-0.6753838658332825,
313,,184299,,-0.6125100255012512,
313,,184317,,,-0.13722290098667145
313,,184317,-0.6519010663032532,,
,5e-05,184318,,,
314,,184349,,-0.6904023885726929,
314,,184399,,-0.6794948577880859,
314,,184449,,-0.6934987902641296,
314,,184499,,-0.6440473198890686,
314,,184549,,-0.5625975728034973,
314,,184599,,-0.7429937720298767,
314,,184649,,-0.6355962753295898,
314,,184699,,-0.6702347993850708,
314,,184749,,-0.5927812457084656,
314,,184799,,-0.6244614720344543,
314,,184849,,-0.6498254537582397,
314,,184899,,-0.6888598203659058,
314,,184904,,,-0.017157547175884247
314,,184904,-0.6553019285202026,,
,5e-05,184905,,,
315,,184949,,-0.6287652850151062,
315,,184999,,-0.6448877453804016,
315,,185049,,-0.6857198476791382,
315,,185099,,-0.646040678024292,
315,,185149,,-0.7481650710105896,
315,,185199,,-0.6482232213020325,
315,,185249,,-0.6863275170326233,
315,,185299,,-0.4923214614391327,
315,,185349,,-0.5803496241569519,
315,,185399,,-0.5997115969657898,
315,,185449,,-0.6091848611831665,
315,,185491,,,-0.10681605339050293
315,,185491,-0.6579574346542358,,
,5e-05,185492,,,
316,,185499,,-0.6559988260269165,
316,,185549,,-0.6839765310287476,
316,,185599,,-0.6458488702774048,
316,,185649,,-0.7413715124130249,
316,,185699,,-0.6459707021713257,
316,,185749,,-0.5583595633506775,
316,,185799,,-0.6466063857078552,
316,,185849,,-0.6655697226524353,
316,,185899,,-0.5842296481132507,
316,,185949,,-0.6178507208824158,
316,,185999,,-0.6602017879486084,
316,,186049,,-0.6393757462501526,
316,,186078,,,0.05451776087284088
316,,186078,-0.6608870029449463,,
,5e-05,186079,,,
317,,186099,,-0.734995424747467,
317,,186149,,-0.6470933556556702,
317,,186199,,-0.5535846948623657,
317,,186249,,-0.7254149317741394,
317,,186299,,-0.5872089862823486,
317,,186349,,-0.7354500889778137,
317,,186399,,-0.6516488790512085,
317,,186449,,-0.716998279094696,
317,,186499,,-0.5989093780517578,
317,,186549,,-0.583233654499054,
317,,186599,,-0.7020315527915955,
317,,186649,,-0.6707243323326111,
317,,186665,,,-0.18174588680267334
317,,186665,-0.6611372828483582,,
,5e-05,186666,,,
318,,186699,,-0.6850202679634094,
318,,186749,,-0.6586629748344421,
318,,186799,,-0.6545835137367249,
318,,186849,,-0.6886219382286072,
318,,186899,,-0.7052897214889526,
318,,186949,,-0.6081592440605164,
318,,186999,,-0.6239297389984131,
318,,187049,,-0.5973021984100342,
318,,187099,,-0.6688758134841919,
318,,187149,,-0.7459670901298523,
318,,187199,,-0.6307098269462585,
318,,187249,,-0.7226458787918091,
318,,187252,,,-0.36530858278274536
318,,187252,-0.6658301949501038,,
,5e-05,187253,,,
319,,187299,,-0.6654136776924133,
319,,187349,,-0.5874828100204468,
319,,187399,,-0.5093860030174255,
319,,187449,,-0.6994535326957703,
319,,187499,,-0.6622007489204407,
319,,187549,,-0.7450993657112122,
319,,187599,,-0.5571083426475525,
319,,187649,,-0.7018636465072632,
319,,187699,,-0.6707489490509033,
319,,187749,,-0.6277326345443726,
319,,187799,,-0.6136166453361511,
319,,187839,,,-0.12482515722513199
319,,187839,-0.6681439876556396,,
,5e-05,187840,,,
320,,187849,,-0.6859089136123657,
320,,187899,,-0.7466928958892822,
