lr-AdamW,step,train_loss_step,epoch,val_loss
0.0005,0,,,
,49,3.8378281593322754,0,
,99,1.9883028268814087,0,
,149,1.1112737655639648,0,
,199,0.9827775359153748,0,
,249,0.9304713010787964,0,
,299,0.6790411472320557,0,
,349,0.6018156409263611,0,
,399,0.6000663042068481,0,
,449,0.5596294403076172,0,
,499,0.478442907333374,0,
,549,0.5223913788795471,0,
,586,,0,0.5927281379699707
